0,"[{1: 1, 2: 2, 3: 3, 4: 4}, [0, 0, 0, 0], {1: 1, 2: 2, 3: 3, 4: 4}, [0, 0, 0, 0]]","[1, 18, 2, 19, 3, 20, 4, 21, 5, 22, 6, 23, 7, 24, 8, 25, 9, 26, 10, 27, 11, 28, 12, 29, 13, 30, 14, 31, 15, 32, 16, 33, 17]"
1,"[{1: 2, 2: 3, 3: 4, 4: 1}, [0, 0, 0, 0], {1: 2, 2: 3, 3: 4, 4: 1}, [0, 0, 0, 0]]","[0, 34, 39, 40, 41, 42, 43, 44, 45, 46, 47, 48, 49, 50, 35, 36, 37, 38, 55, 56, 57, 58, 59, 60, 61, 62, 63, 64, 65, 817, 51, 52, 53]"
2,"[{1: 3, 2: 1, 3: 2, 4: 4}, [1, 1, 0, 0], {1: 2, 2: 3, 3: 1, 4: 4}, [2, 0, 2, 2]]","[35, 0, 66, 97, 127, 157, 187, 218, 248, 277, 307, 335, 362, 390, 419, 447, 474, 139, 203, 496, 594, 621, 649, 671, 694, 721, 748, 472, 793, 577, 843, 864, 886]"
3,"[{1: 3, 2: 2, 3: 4, 4: 1}, [1, 0, 0, 1], {1: 1, 2: 4, 3: 2, 4: 3}, [1, 1, 0, 1]]","[36, 67, 0, 98, 128, 158, 188, 219, 160, 278, 308, 336, 363, 391, 420, 187, 475, 503, 233, 306, 595, 622, 650, 672, 695, 722, 208, 495, 555, 818, 844, 865, 887]"
4,"[{1: 4, 2: 1, 3: 3, 4: 2}, [1, 1, 0, 0], {1: 1, 2: 4, 3: 2, 4: 3}, [0, 1, 0, 2]]","[37, 68, 99, 0, 21, 159, 189, 198, 249, 279, 309, 337, 364, 392, 421, 227, 476, 504, 262, 548, 571, 623, 651, 673, 696, 723, 749, 627, 794, 819, 845, 866, 888]"
5,"[{1: 2, 2: 4, 3: 3, 4: 1}, [1, 0, 0, 1], {1: 2, 2: 3, 3: 1, 4: 4}, [1, 0, 2, 0]]","[38, 69, 100, 129, 0, 22, 190, 220, 250, 280, 310, 338, 365, 393, 422, 448, 477, 505, 292, 549, 572, 596, 652, 674, 116, 724, 602, 770, 795, 820, 846, 867, 889]"
6,"[{1: 1, 2: 4, 3: 2, 4: 3}, [0, 1, 1, 0], {1: 1, 2: 3, 3: 4, 4: 2}, [2, 2, 0, 2]]","[39, 70, 101, 130, 160, 0, 191, 221, 251, 281, 102, 339, 366, 394, 423, 449, 478, 506, 321, 550, 573, 597, 624, 153, 697, 725, 750, 771, 796, 821, 408, 113, 890]"
7,"[{1: 2, 2: 4, 3: 3, 4: 1}, [1, 1, 0, 0], {1: 4, 2: 2, 3: 1, 4: 3}, [1, 1, 1, 0]]","[40, 71, 102, 131, 161, 192, 0, 222, 252, 282, 311, 340, 284, 395, 424, 450, 479, 507, 348, 551, 574, 598, 625, 407, 698, 726, 751, 772, 797, 822, 329, 152, 660]"
8,"[{1: 3, 2: 1, 3: 2, 4: 4}, [0, 1, 1, 0], {1: 4, 2: 2, 3: 1, 4: 3}, [2, 0, 1, 0]]","[41, 72, 103, 132, 162, 193, 223, 0, 25, 283, 312, 320, 367, 396, 425, 451, 480, 508, 376, 552, 575, 599, 205, 653, 675, 727, 752, 773, 798, 823, 847, 731, 891]"
9,"[{1: 2, 2: 3, 3: 1, 4: 4}, [1, 1, 0, 0], {1: 1, 2: 3, 3: 4, 4: 2}, [0, 1, 0, 2]]","[42, 73, 104, 133, 163, 194, 224, 253, 0, 26, 81, 341, 368, 397, 426, 452, 481, 509, 405, 553, 576, 600, 626, 654, 676, 699, 753, 774, 241, 824, 705, 868, 892]"
10,"[{1: 4, 2: 2, 3: 1, 4: 3}, [0, 0, 1, 1], {1: 3, 2: 2, 3: 4, 4: 1}, [2, 2, 2, 0]]","[43, 74, 105, 134, 164, 195, 225, 254, 284, 0, 313, 342, 369, 398, 226, 453, 482, 510, 433, 525, 238, 601, 627, 655, 677, 700, 728, 775, 799, 825, 848, 869, 893]"
11,"[{1: 2, 2: 3, 3: 1, 4: 4}, [0, 1, 1, 0], {1: 4, 2: 1, 3: 3, 4: 2}, [0, 1, 1, 1]]","[44, 75, 106, 135, 165, 196, 226, 255, 285, 314, 0, 343, 370, 399, 427, 454, 401, 511, 460, 445, 276, 602, 628, 656, 678, 701, 729, 524, 800, 826, 849, 870, 894]"
12,"[{1: 1, 2: 4, 3: 2, 4: 3}, [0, 0, 1, 1], {1: 4, 2: 1, 3: 3, 4: 2}, [0, 2, 0, 1]]","[45, 76, 107, 136, 166, 197, 227, 256, 286, 315, 344, 0, 29, 400, 428, 422, 483, 512, 488, 554, 577, 603, 629, 657, 679, 702, 326, 754, 776, 827, 850, 871, 895]"
13,"[{1: 1, 2: 3, 3: 4, 4: 2}, [0, 1, 1, 0], {1: 3, 2: 2, 3: 4, 4: 1}, [2, 0, 1, 0]]","[46, 77, 108, 137, 167, 198, 228, 257, 287, 316, 345, 371, 0, 30, 190, 455, 484, 513, 518, 555, 578, 604, 630, 658, 680, 703, 730, 755, 777, 801, 851, 872, 359]"
14,"[{1: 4, 2: 1, 3: 3, 4: 2}, [1, 0, 0, 1], {1: 2, 2: 4, 3: 3, 4: 1}, [0, 2, 2, 2]]","[47, 78, 109, 138, 168, 199, 229, 258, 288, 317, 346, 372, 401, 0, 429, 456, 485, 514, 82, 556, 579, 605, 631, 183, 356, 704, 731, 756, 778, 802, 828, 379, 896]"
15,"[{1: 1, 2: 3, 3: 4, 4: 2}, [0, 0, 1, 1], {1: 3, 2: 1, 3: 2, 4: 4}, [1, 0, 1, 1]]","[48, 79, 110, 139, 169, 200, 230, 259, 289, 318, 78, 373, 402, 430, 0, 457, 486, 515, 112, 557, 580, 606, 632, 83, 378, 705, 732, 757, 779, 803, 829, 182, 897]"
16,"[{1: 4, 2: 2, 3: 1, 4: 3}, [1, 0, 0, 1], {1: 3, 2: 1, 3: 2, 4: 4}, [1, 0, 2, 0]]","[49, 80, 73, 140, 170, 201, 231, 260, 290, 319, 103, 374, 403, 431, 458, 0, 33, 516, 142, 558, 581, 607, 633, 659, 681, 706, 733, 758, 780, 804, 442, 852, 873]"
17,"[{1: 3, 2: 2, 3: 4, 4: 1}, [0, 0, 1, 1], {1: 2, 2: 4, 3: 3, 4: 1}, [0, 2, 0, 1]]","[50, 81, 111, 141, 171, 202, 232, 261, 291, 320, 347, 375, 404, 432, 459, 487, 0, 517, 172, 559, 582, 461, 634, 660, 682, 707, 734, 759, 781, 805, 830, 853, 874, 898]"
18,"[{1: 4, 2: 1, 3: 2, 4: 3}, [0, 0, 0, 0], {1: 4, 2: 1, 3: 2, 4: 3}, [0, 0, 0, 0]]","[0, 82, 112, 142, 172, 203, 233, 262, 292, 321, 348, 376, 405, 433, 460, 488, 518, 34, 545, 546, 547, 635, 533, 534, 535, 536, 537, 538, 539, 540, 541, 542, 543]"
19,"[{1: 2, 2: 3, 3: 1, 4: 4}, [0, 1, 1, 0], {1: 3, 2: 1, 3: 2, 4: 4}, [0, 1, 1, 1]]","[51, 0, 113, 143, 173, 204, 234, 263, 293, 322, 349, 123, 406, 434, 461, 489, 519, 533, 560, 583, 608, 636, 454, 339, 708, 735, 760, 229, 806, 831, 102, 875, 899]"
20,"[{1: 4, 2: 2, 3: 1, 4: 3}, [0, 0, 1, 1], {1: 1, 2: 3, 3: 4, 4: 2}, [2, 2, 2, 0]]","[52, 83, 0, 144, 174, 205, 235, 264, 294, 323, 350, 377, 92, 435, 462, 490, 520, 534, 561, 584, 609, 637, 661, 78, 709, 736, 424, 782, 807, 832, 318, 195, 735]"
21,"[{1: 2, 2: 4, 3: 3, 4: 1}, [0, 1, 0, 1], {1: 1, 2: 3, 3: 4, 4: 2}, [0, 1, 2, 0]]","[53, 84, 114, 4, 0, 175, 206, 236, 265, 295, 181, 351, 378, 407, 436, 463, 491, 521, 535, 562, 585, 638, 662, 683, 374, 737, 761, 783, 808, 833, 854, 876, 900]"
22,"[{1: 4, 2: 1, 3: 3, 4: 2}, [0, 1, 0, 1], {1: 3, 2: 1, 3: 2, 4: 4}, [0, 1, 2, 0]]","[54, 85, 115, 145, 5, 0, 207, 237, 266, 296, 324, 150, 379, 408, 437, 464, 492, 522, 536, 563, 586, 610, 588, 684, 710, 738, 762, 784, 809, 834, 855, 877, 901]"
23,"[{1: 1, 2: 3, 3: 4, 4: 2}, [0, 0, 1, 1], {1: 1, 2: 4, 3: 2, 4: 3}, [1, 0, 1, 1]]","[55, 86, 116, 146, 176, 0, 238, 267, 297, 325, 352, 380, 409, 438, 465, 493, 523, 537, 226, 587, 611, 639, 663, 685, 711, 739, 110, 453, 810, 612, 856, 335, 902]"
24,"[{1: 4, 2: 1, 3: 3, 4: 2}, [1, 0, 0, 1], {1: 3, 2: 2, 3: 4, 4: 1}, [0, 2, 2, 2]]","[56, 87, 117, 147, 177, 208, 0, 268, 298, 326, 353, 381, 410, 439, 466, 494, 217, 538, 420, 317, 612, 640, 664, 686, 712, 740, 763, 187, 620, 835, 75, 878, 903]"
25,"[{1: 2, 2: 3, 3: 1, 4: 4}, [1, 0, 1, 0], {1: 3, 2: 2, 3: 4, 4: 1}, [0, 0, 1, 2]]","[57, 88, 118, 148, 178, 209, 239, 8, 0, 299, 327, 354, 382, 411, 305, 467, 495, 524, 539, 564, 588, 613, 641, 665, 687, 741, 764, 785, 476, 836, 857, 879, 904]"
26,"[{1: 3, 2: 1, 3: 2, 4: 4}, [1, 0, 1, 0], {1: 1, 2: 4, 3: 2, 4: 3}, [0, 0, 1, 2]]","[58, 89, 119, 149, 179, 210, 240, 269, 9, 0, 328, 355, 383, 412, 440, 274, 496, 525, 540, 565, 589, 614, 513, 666, 688, 713, 690, 786, 811, 837, 858, 880, 905]"
27,"[{1: 3, 2: 2, 3: 4, 4: 1}, [1, 0, 0, 1], {1: 4, 2: 2, 3: 1, 4: 3}, [1, 1, 0, 1]]","[59, 90, 120, 150, 180, 211, 241, 270, 300, 0, 356, 384, 413, 441, 468, 497, 526, 541, 566, 449, 615, 642, 78, 689, 714, 742, 765, 787, 812, 838, 219, 109, 906]"
28,"[{1: 3, 2: 1, 3: 2, 4: 4}, [1, 1, 0, 0], {1: 2, 2: 4, 3: 3, 4: 1}, [2, 0, 2, 2]]","[60, 91, 121, 151, 181, 212, 242, 271, 301, 329, 0, 385, 414, 442, 469, 498, 527, 542, 200, 590, 616, 643, 71, 419, 715, 743, 766, 788, 813, 839, 859, 102, 709]"
29,"[{1: 1, 2: 3, 3: 4, 4: 2}, [0, 1, 0, 1], {1: 2, 2: 4, 3: 3, 4: 1}, [2, 0, 0, 1]]","[61, 92, 122, 152, 182, 213, 243, 272, 302, 330, 357, 12, 0, 415, 443, 470, 499, 528, 543, 567, 591, 617, 644, 667, 690, 716, 744, 767, 789, 840, 860, 881, 132]"
30,"[{1: 1, 2: 4, 3: 2, 4: 3}, [0, 1, 0, 1], {1: 4, 2: 2, 3: 1, 4: 3}, [2, 0, 0, 1]]","[62, 93, 123, 153, 183, 214, 244, 273, 303, 331, 358, 386, 13, 0, 444, 471, 500, 529, 544, 568, 592, 618, 645, 668, 691, 717, 171, 768, 790, 814, 792, 882, 907]"
31,"[{1: 2, 2: 4, 3: 3, 4: 1}, [1, 1, 0, 0], {1: 4, 2: 1, 3: 3, 4: 2}, [1, 1, 1, 0]]","[63, 94, 124, 154, 184, 215, 245, 274, 304, 332, 359, 387, 416, 0, 472, 501, 530, 545, 340, 218, 619, 646, 669, 105, 718, 745, 187, 791, 815, 639, 861, 883, 908]"
32,"[{1: 1, 2: 4, 3: 2, 4: 3}, [0, 1, 1, 0], {1: 2, 2: 3, 3: 1, 4: 4}, [2, 2, 0, 2]]","[64, 95, 125, 155, 185, 216, 246, 275, 305, 333, 360, 388, 417, 445, 0, 502, 531, 546, 569, 226, 620, 647, 308, 692, 719, 746, 196, 70, 646, 841, 862, 884, 909]"
33,"[{1: 3, 2: 2, 3: 4, 4: 1}, [1, 0, 1, 0], {1: 2, 2: 3, 3: 1, 4: 4}, [1, 2, 0, 0]]","[65, 96, 126, 156, 186, 217, 247, 276, 306, 334, 361, 389, 418, 446, 473, 16, 0, 532, 547, 570, 593, 256, 648, 670, 693, 720, 747, 769, 792, 816, 842, 863, 885]"
34,"[{1: 3, 2: 4, 3: 1, 4: 2}, [0, 0, 0, 0], {1: 3, 2: 4, 3: 1, 4: 2}, [0, 0, 0, 0]]","[1, 18]"
35,"[{1: 1, 2: 2, 3: 4, 4: 3}, [1, 1, 0, 0], {1: 3, 2: 1, 3: 4, 4: 2}, [2, 0, 2, 2]]","[2, 1]"
36,"[{1: 2, 2: 4, 3: 1, 4: 3}, [1, 0, 0, 1], {1: 4, 2: 2, 3: 3, 4: 1}, [1, 1, 0, 1]]","[3, 1]"
37,"[{1: 1, 2: 3, 3: 2, 4: 4}, [1, 1, 0, 0], {1: 4, 2: 2, 3: 3, 4: 1}, [0, 1, 0, 2]]","[4, 1]"
38,"[{1: 4, 2: 3, 3: 1, 4: 2}, [1, 0, 0, 1], {1: 3, 2: 1, 3: 4, 4: 2}, [1, 0, 2, 0]]","[5, 1]"
39,"[{1: 4, 2: 2, 3: 3, 4: 1}, [0, 1, 1, 0], {1: 3, 2: 4, 3: 2, 4: 1}, [2, 2, 0, 2]]","[6, 1]"
40,"[{1: 4, 2: 3, 3: 1, 4: 2}, [1, 1, 0, 0], {1: 2, 2: 1, 3: 3, 4: 4}, [1, 1, 1, 0]]","[7, 1]"
41,"[{1: 1, 2: 2, 3: 4, 4: 3}, [0, 1, 1, 0], {1: 2, 2: 1, 3: 3, 4: 4}, [2, 0, 1, 0]]","[8, 1]"
42,"[{1: 3, 2: 1, 3: 4, 4: 2}, [1, 1, 0, 0], {1: 3, 2: 4, 3: 2, 4: 1}, [0, 1, 0, 2]]","[9, 1]"
43,"[{1: 2, 2: 1, 3: 3, 4: 4}, [0, 0, 1, 1], {1: 2, 2: 4, 3: 1, 4: 3}, [2, 2, 2, 0]]","[10, 1]"
44,"[{1: 3, 2: 1, 3: 4, 4: 2}, [0, 1, 1, 0], {1: 1, 2: 3, 3: 2, 4: 4}, [0, 1, 1, 1]]","[11, 1]"
45,"[{1: 4, 2: 2, 3: 3, 4: 1}, [0, 0, 1, 1], {1: 1, 2: 3, 3: 2, 4: 4}, [0, 2, 0, 1]]","[12, 1]"
46,"[{1: 3, 2: 4, 3: 2, 4: 1}, [0, 1, 1, 0], {1: 2, 2: 4, 3: 1, 4: 3}, [2, 0, 1, 0]]","[13, 1]"
47,"[{1: 1, 2: 3, 3: 2, 4: 4}, [1, 0, 0, 1], {1: 4, 2: 3, 3: 1, 4: 2}, [0, 2, 2, 2]]","[14, 1]"
48,"[{1: 3, 2: 4, 3: 2, 4: 1}, [0, 0, 1, 1], {1: 1, 2: 2, 3: 4, 4: 3}, [1, 0, 1, 1]]","[15, 1]"
49,"[{1: 2, 2: 1, 3: 3, 4: 4}, [1, 0, 0, 1], {1: 1, 2: 2, 3: 4, 4: 3}, [1, 0, 2, 0]]","[16, 1]"
50,"[{1: 2, 2: 4, 3: 1, 4: 3}, [0, 0, 1, 1], {1: 4, 2: 3, 3: 1, 4: 2}, [0, 2, 0, 1]]","[17, 1]"
51,"[{1: 3, 2: 1, 3: 4, 4: 2}, [0, 1, 1, 0], {1: 1, 2: 2, 3: 4, 4: 3}, [0, 1, 1, 1]]","[19, 1]"
52,"[{1: 2, 2: 1, 3: 3, 4: 4}, [0, 0, 1, 1], {1: 3, 2: 4, 3: 2, 4: 1}, [2, 2, 2, 0]]","[20, 1]"
53,"[{1: 4, 2: 3, 3: 1, 4: 2}, [0, 1, 0, 1], {1: 3, 2: 4, 3: 2, 4: 1}, [0, 1, 2, 0]]","[21, 1]"
54,"[{1: 1, 2: 3, 3: 2, 4: 4}, [0, 1, 0, 1], {1: 1, 2: 2, 3: 4, 4: 3}, [0, 1, 2, 0]]",[22]
55,"[{1: 3, 2: 4, 3: 2, 4: 1}, [0, 0, 1, 1], {1: 4, 2: 2, 3: 3, 4: 1}, [1, 0, 1, 1]]","[23, 1]"
56,"[{1: 1, 2: 3, 3: 2, 4: 4}, [1, 0, 0, 1], {1: 2, 2: 4, 3: 1, 4: 3}, [0, 2, 2, 2]]","[24, 1]"
57,"[{1: 3, 2: 1, 3: 4, 4: 2}, [1, 0, 1, 0], {1: 2, 2: 4, 3: 1, 4: 3}, [0, 0, 1, 2]]","[25, 1]"
58,"[{1: 1, 2: 2, 3: 4, 4: 3}, [1, 0, 1, 0], {1: 4, 2: 2, 3: 3, 4: 1}, [0, 0, 1, 2]]","[26, 1]"
59,"[{1: 2, 2: 4, 3: 1, 4: 3}, [1, 0, 0, 1], {1: 2, 2: 1, 3: 3, 4: 4}, [1, 1, 0, 1]]","[27, 1]"
60,"[{1: 1, 2: 2, 3: 4, 4: 3}, [1, 1, 0, 0], {1: 4, 2: 3, 3: 1, 4: 2}, [2, 0, 2, 2]]","[28, 1]"
61,"[{1: 3, 2: 4, 3: 2, 4: 1}, [0, 1, 0, 1], {1: 4, 2: 3, 3: 1, 4: 2}, [2, 0, 0, 1]]","[29, 1]"
62,"[{1: 4, 2: 2, 3: 3, 4: 1}, [0, 1, 0, 1], {1: 2, 2: 1, 3: 3, 4: 4}, [2, 0, 0, 1]]","[30, 1]"
63,"[{1: 4, 2: 3, 3: 1, 4: 2}, [1, 1, 0, 0], {1: 1, 2: 3, 3: 2, 4: 4}, [1, 1, 1, 0]]","[31, 1]"
64,"[{1: 4, 2: 2, 3: 3, 4: 1}, [0, 1, 1, 0], {1: 3, 2: 1, 3: 4, 4: 2}, [2, 2, 0, 2]]","[32, 1]"
65,"[{1: 2, 2: 4, 3: 1, 4: 3}, [1, 0, 1, 0], {1: 3, 2: 1, 3: 4, 4: 2}, [1, 2, 0, 0]]","[33, 1]"
66,"[{1: 2, 2: 3, 3: 1, 4: 4}, [0, 1, 1, 0], {1: 3, 2: 1, 3: 2, 4: 4}, [1, 2, 2, 1]]",[2]
67,"[{1: 4, 2: 3, 3: 2, 4: 1}, [1, 1, 1, 1], {1: 4, 2: 2, 3: 1, 4: 3}, [0, 0, 2, 1]]",[3]
68,"[{1: 3, 2: 4, 3: 1, 4: 2}, [0, 1, 0, 1], {1: 4, 2: 2, 3: 1, 4: 3}, [2, 0, 2, 2]]",[4]
69,"[{1: 3, 2: 2, 3: 4, 4: 1}, [1, 1, 0, 0], {1: 3, 2: 1, 3: 2, 4: 4}, [0, 2, 2, 2]]",[5]
70,"[{1: 2, 2: 1, 3: 4, 4: 3}, [1, 1, 1, 1], {1: 3, 2: 4, 3: 1, 4: 2}, [1, 1, 0, 1]]","[6, 32]"
71,"[{1: 3, 2: 2, 3: 4, 4: 1}, [1, 0, 0, 1], {1: 2, 2: 1, 3: 4, 4: 3}, [0, 1, 0, 2]]","[7, 28]"
72,"[{1: 2, 2: 3, 3: 1, 4: 4}, [1, 1, 0, 0], {1: 2, 2: 1, 3: 4, 4: 3}, [1, 0, 0, 2]]",[8]
73,"[{1: 1, 2: 2, 3: 3, 4: 4}, [1, 0, 1, 0], {1: 3, 2: 4, 3: 1, 4: 2}, [2, 0, 0, 1]]","[9, 16]"
74,"[{1: 1, 2: 4, 3: 2, 4: 3}, [0, 1, 1, 0], {1: 2, 2: 4, 3: 3, 4: 1}, [1, 2, 1, 2]]",[10]
75,"[{1: 1, 2: 2, 3: 3, 4: 4}, [0, 0, 0, 0], {1: 1, 2: 3, 3: 4, 4: 2}, [0, 0, 0, 0]]","[11, 24]"
76,"[{1: 2, 2: 1, 3: 4, 4: 3}, [1, 0, 1, 0], {1: 1, 2: 3, 3: 4, 4: 2}, [0, 1, 2, 0]]",[12]
77,"[{1: 4, 2: 1, 3: 3, 4: 2}, [1, 1, 0, 0], {1: 2, 2: 4, 3: 3, 4: 1}, [1, 0, 0, 2]]",[13]
78,"[{1: 3, 2: 4, 3: 1, 4: 2}, [0, 0, 0, 0], {1: 4, 2: 3, 3: 2, 4: 1}, [2, 1, 1, 2]]","[14, 15, 27, 20]"
79,"[{1: 4, 2: 1, 3: 3, 4: 2}, [1, 0, 0, 1], {1: 1, 2: 2, 3: 3, 4: 4}, [1, 2, 0, 0]]",[15]
80,"[{1: 1, 2: 4, 3: 2, 4: 3}, [1, 1, 0, 0], {1: 1, 2: 2, 3: 3, 4: 4}, [1, 2, 1, 2]]",[16]
81,"[{1: 4, 2: 3, 3: 2, 4: 1}, [0, 1, 0, 1], {1: 4, 2: 3, 3: 2, 4: 1}, [2, 1, 2, 1]]","[17, 9]"
82,"[{1: 2, 2: 4, 3: 1, 4: 3}, [1, 0, 0, 1], {1: 1, 2: 2, 3: 4, 4: 3}, [0, 2, 2, 2]]","[18, 14]"
83,"[{1: 1, 2: 4, 3: 2, 4: 3}, [0, 1, 1, 0], {1: 3, 2: 4, 3: 1, 4: 2}, [1, 1, 2, 2]]","[20, 15]"
84,"[{1: 3, 2: 2, 3: 4, 4: 1}, [0, 0, 0, 0], {1: 3, 2: 4, 3: 1, 4: 2}, [2, 0, 2, 2]]",[21]
85,"[{1: 3, 2: 4, 3: 1, 4: 2}, [1, 1, 0, 0], {1: 1, 2: 2, 3: 3, 4: 4}, [0, 0, 1, 2]]",[22]
86,"[{1: 4, 2: 1, 3: 3, 4: 2}, [1, 0, 0, 1], {1: 4, 2: 2, 3: 1, 4: 3}, [0, 2, 0, 1]]",[23]
87,"[{1: 3, 2: 4, 3: 1, 4: 2}, [0, 0, 0, 0], {1: 2, 2: 4, 3: 3, 4: 1}, [2, 2, 1, 1]]",[24]
88,"[{1: 1, 2: 2, 3: 3, 4: 4}, [1, 1, 0, 0], {1: 2, 2: 4, 3: 3, 4: 1}, [2, 0, 0, 1]]",[25]
89,"[{1: 2, 2: 3, 3: 1, 4: 4}, [0, 0, 0, 0], {1: 4, 2: 2, 3: 1, 4: 3}, [2, 2, 0, 2]]",[26]
90,"[{1: 4, 2: 3, 3: 2, 4: 1}, [1, 1, 1, 1], {1: 2, 2: 1, 3: 4, 4: 3}, [0, 1, 2, 0]]",[27]
91,"[{1: 2, 2: 3, 3: 1, 4: 4}, [0, 1, 1, 0], {1: 4, 2: 3, 3: 2, 4: 1}, [1, 2, 1, 2]]",[28]
92,"[{1: 4, 2: 1, 3: 3, 4: 2}, [1, 1, 1, 1], {1: 4, 2: 3, 3: 2, 4: 1}, [1, 2, 2, 1]]","[29, 20]"
93,"[{1: 2, 2: 1, 3: 4, 4: 3}, [1, 1, 0, 0], {1: 2, 2: 1, 3: 4, 4: 3}, [1, 0, 2, 0]]",[30]
94,"[{1: 3, 2: 2, 3: 4, 4: 1}, [1, 0, 0, 1], {1: 1, 2: 3, 3: 4, 4: 2}, [1, 0, 0, 2]]",[31]
95,"[{1: 2, 2: 1, 3: 4, 4: 3}, [1, 1, 1, 1], {1: 3, 2: 1, 3: 2, 4: 4}, [1, 1, 0, 1]]",[32]
96,"[{1: 4, 2: 3, 3: 2, 4: 1}, [1, 1, 0, 0], {1: 3, 2: 1, 3: 2, 4: 4}, [0, 1, 0, 2]]",[33]
97,"[{1: 2, 2: 1, 3: 4, 4: 3}, [1, 1, 1, 1], {1: 2, 2: 4, 3: 3, 4: 1}, [2, 1, 0, 0]]",[2]
98,"[{1: 4, 2: 2, 3: 1, 4: 3}, [0, 0, 1, 1], {1: 1, 2: 3, 3: 4, 4: 2}, [2, 1, 1, 2]]",[3]
99,"[{1: 3, 2: 1, 3: 2, 4: 4}, [1, 0, 0, 1], {1: 1, 2: 3, 3: 4, 4: 2}, [1, 1, 1, 0]]",[4]
100,"[{1: 3, 2: 4, 3: 1, 4: 2}, [0, 1, 0, 1], {1: 2, 2: 4, 3: 3, 4: 1}, [1, 1, 0, 1]]",[5]
101,"[{1: 2, 2: 4, 3: 3, 4: 1}, [1, 1, 0, 0], {1: 1, 2: 2, 3: 3, 4: 4}, [0, 0, 1, 2]]",[6]
102,"[{1: 3, 2: 4, 3: 1, 4: 2}, [0, 0, 0, 0], {1: 4, 2: 3, 3: 2, 4: 1}, [1, 2, 2, 1]]","[7, 6, 19, 28]"
103,"[{1: 2, 2: 1, 3: 4, 4: 3}, [0, 1, 0, 1], {1: 4, 2: 3, 3: 2, 4: 1}, [2, 1, 2, 1]]","[8, 16]"
104,"[{1: 1, 2: 3, 3: 4, 4: 2}, [1, 0, 0, 1], {1: 1, 2: 2, 3: 3, 4: 4}, [1, 2, 1, 2]]",[9]
105,"[{1: 1, 2: 2, 3: 3, 4: 4}, [0, 0, 0, 0], {1: 3, 2: 1, 3: 2, 4: 4}, [0, 0, 0, 0]]","[10, 31]"
106,"[{1: 1, 2: 3, 3: 4, 4: 2}, [0, 0, 1, 1], {1: 4, 2: 2, 3: 1, 4: 3}, [1, 2, 1, 2]]",[11]
107,"[{1: 2, 2: 4, 3: 3, 4: 1}, [1, 0, 0, 1], {1: 4, 2: 2, 3: 1, 4: 3}, [1, 0, 0, 2]]",[12]
108,"[{1: 4, 2: 3, 3: 2, 4: 1}, [1, 0, 1, 0], {1: 3, 2: 1, 3: 2, 4: 4}, [0, 1, 2, 0]]",[13]
109,"[{1: 3, 2: 1, 3: 2, 4: 4}, [1, 1, 0, 0], {1: 2, 2: 1, 3: 4, 4: 3}, [1, 0, 2, 0]]","[14, 27]"
110,"[{1: 4, 2: 3, 3: 2, 4: 1}, [1, 1, 1, 1], {1: 3, 2: 4, 3: 1, 4: 2}, [2, 0, 2, 2]]","[15, 23]"
111,"[{1: 4, 2: 2, 3: 1, 4: 3}, [1, 0, 0, 1], {1: 2, 2: 1, 3: 4, 4: 3}, [1, 0, 0, 2]]",[17]
112,"[{1: 2, 2: 1, 3: 3, 4: 4}, [0, 0, 1, 1], {1: 4, 2: 3, 3: 1, 4: 2}, [1, 0, 1, 1]]","[18, 15]"
113,"[{1: 1, 2: 3, 3: 4, 4: 2}, [0, 0, 1, 1], {1: 3, 2: 4, 3: 1, 4: 2}, [1, 1, 2, 2]]","[19, 6]"
114,"[{1: 3, 2: 4, 3: 1, 4: 2}, [1, 0, 0, 1], {1: 1, 2: 2, 3: 3, 4: 4}, [1, 2, 0, 0]]",[21]
115,"[{1: 3, 2: 1, 3: 2, 4: 4}, [0, 0, 0, 0], {1: 3, 2: 4, 3: 1, 4: 2}, [1, 1, 0, 1]]",[22]
116,"[{1: 4, 2: 3, 3: 2, 4: 1}, [1, 1, 1, 1], {1: 1, 2: 3, 3: 4, 4: 2}, [2, 0, 2, 2]]","[23, 5]"
117,"[{1: 3, 2: 1, 3: 2, 4: 4}, [1, 1, 0, 0], {1: 3, 2: 1, 3: 2, 4: 4}, [1, 0, 0, 2]]",[24]
118,"[{1: 1, 2: 3, 3: 4, 4: 2}, [1, 1, 1, 1], {1: 3, 2: 1, 3: 2, 4: 4}, [1, 1, 2, 2]]",[25]
119,"[{1: 2, 2: 1, 3: 4, 4: 3}, [1, 0, 0, 1], {1: 1, 2: 3, 3: 4, 4: 2}, [1, 0, 2, 0]]",[26]
120,"[{1: 4, 2: 2, 3: 1, 4: 3}, [0, 0, 1, 1], {1: 4, 2: 3, 3: 2, 4: 1}, [1, 2, 1, 2]]",[27]
121,"[{1: 2, 2: 1, 3: 4, 4: 3}, [1, 1, 1, 1], {1: 2, 2: 1, 3: 4, 4: 3}, [0, 1, 2, 0]]",[28]
122,"[{1: 4, 2: 3, 3: 2, 4: 1}, [1, 0, 0, 1], {1: 2, 2: 1, 3: 4, 4: 3}, [0, 1, 0, 2]]",[29]
123,"[{1: 2, 2: 4, 3: 3, 4: 1}, [1, 1, 1, 1], {1: 4, 2: 3, 3: 2, 4: 1}, [2, 1, 1, 2]]","[30, 19]"
124,"[{1: 3, 2: 4, 3: 1, 4: 2}, [0, 0, 0, 0], {1: 4, 2: 2, 3: 1, 4: 3}, [2, 2, 1, 1]]",[31]
125,"[{1: 2, 2: 4, 3: 3, 4: 1}, [1, 1, 0, 0], {1: 2, 2: 4, 3: 3, 4: 1}, [2, 0, 1, 0]]",[32]
126,"[{1: 4, 2: 2, 3: 1, 4: 3}, [0, 0, 0, 0], {1: 2, 2: 4, 3: 3, 4: 1}, [1, 0, 1, 1]]",[33]
127,"[{1: 4, 2: 3, 3: 2, 4: 1}, [0, 1, 1, 0], {1: 2, 2: 4, 3: 3, 4: 1}, [2, 0, 0, 1]]",[2]
128,"[{1: 1, 2: 3, 3: 4, 4: 2}, [1, 1, 1, 1], {1: 1, 2: 3, 3: 4, 4: 2}, [1, 1, 2, 2]]",[3]
129,"[{1: 1, 2: 2, 3: 3, 4: 4}, [1, 1, 0, 0], {1: 2, 2: 4, 3: 3, 4: 1}, [1, 0, 0, 2]]",[5]
130,"[{1: 3, 2: 1, 3: 2, 4: 4}, [1, 1, 1, 1], {1: 1, 2: 2, 3: 3, 4: 4}, [2, 1, 1, 2]]",[6]
131,"[{1: 1, 2: 2, 3: 3, 4: 4}, [1, 0, 0, 1], {1: 4, 2: 3, 3: 2, 4: 1}, [1, 2, 0, 0]]",[7]
132,"[{1: 4, 2: 3, 3: 2, 4: 1}, [1, 1, 0, 0], {1: 4, 2: 3, 3: 2, 4: 1}, [2, 1, 0, 0]]","[8, 29]"
133,"[{1: 4, 2: 2, 3: 1, 4: 3}, [1, 0, 1, 0], {1: 1, 2: 2, 3: 3, 4: 4}, [0, 0, 1, 2]]",[9]
134,"[{1: 3, 2: 4, 3: 1, 4: 2}, [0, 1, 1, 0], {1: 3, 2: 1, 3: 2, 4: 4}, [1, 0, 2, 0]]",[10]
135,"[{1: 4, 2: 2, 3: 1, 4: 3}, [0, 0, 0, 0], {1: 4, 2: 2, 3: 1, 4: 3}, [1, 0, 1, 1]]",[11]
136,"[{1: 3, 2: 1, 3: 2, 4: 4}, [1, 0, 1, 0], {1: 4, 2: 2, 3: 1, 4: 3}, [1, 1, 0, 1]]",[12]
137,"[{1: 2, 2: 1, 3: 4, 4: 3}, [1, 1, 0, 0], {1: 3, 2: 1, 3: 2, 4: 4}, [1, 1, 1, 0]]",[13]
138,"[{1: 2, 2: 4, 3: 3, 4: 1}, [0, 0, 0, 0], {1: 2, 2: 1, 3: 4, 4: 3}, [2, 2, 2, 0]]",[14]
139,"[{1: 2, 2: 1, 3: 4, 4: 3}, [1, 0, 0, 1], {1: 3, 2: 4, 3: 1, 4: 2}, [2, 0, 1, 0]]","[15, 2]"
140,"[{1: 3, 2: 4, 3: 1, 4: 2}, [1, 1, 0, 0], {1: 3, 2: 4, 3: 1, 4: 2}, [2, 0, 2, 2]]",[16]
141,"[{1: 1, 2: 3, 3: 4, 4: 2}, [0, 1, 0, 1], {1: 2, 2: 1, 3: 4, 4: 3}, [2, 2, 0, 2]]",[17]
142,"[{1: 3, 2: 4, 3: 2, 4: 1}, [1, 0, 0, 1], {1: 4, 2: 3, 3: 1, 4: 2}, [1, 0, 2, 0]]","[18, 16]"
143,"[{1: 4, 2: 2, 3: 1, 4: 3}, [0, 0, 0, 0], {1: 3, 2: 4, 3: 1, 4: 2}, [1, 1, 1, 0]]",[19]
144,"[{1: 3, 2: 4, 3: 1, 4: 2}, [0, 1, 1, 0], {1: 1, 2: 2, 3: 3, 4: 4}, [2, 1, 0, 0]]",[20]
145,"[{1: 2, 2: 4, 3: 3, 4: 1}, [1, 1, 0, 0], {1: 3, 2: 4, 3: 1, 4: 2}, [1, 1, 2, 2]]",[22]
146,"[{1: 2, 2: 1, 3: 4, 4: 3}, [1, 0, 0, 1], {1: 1, 2: 3, 3: 4, 4: 2}, [1, 0, 0, 2]]",[23]
147,"[{1: 2, 2: 4, 3: 3, 4: 1}, [0, 0, 0, 0], {1: 3, 2: 1, 3: 2, 4: 4}, [2, 0, 2, 2]]",[24]
148,"[{1: 4, 2: 2, 3: 1, 4: 3}, [1, 1, 0, 0], {1: 3, 2: 1, 3: 2, 4: 4}, [2, 1, 1, 2]]",[25]
149,"[{1: 4, 2: 3, 3: 2, 4: 1}, [0, 0, 0, 0], {1: 1, 2: 3, 3: 4, 4: 2}, [0, 0, 0, 0]]",[26]
150,"[{1: 1, 2: 3, 3: 4, 4: 2}, [1, 1, 1, 1], {1: 4, 2: 3, 3: 2, 4: 1}, [1, 2, 2, 1]]","[27, 22]"
151,"[{1: 4, 2: 3, 3: 2, 4: 1}, [0, 1, 1, 0], {1: 2, 2: 1, 3: 4, 4: 3}, [1, 0, 2, 0]]",[28]
152,"[{1: 2, 2: 1, 3: 4, 4: 3}, [1, 1, 1, 1], {1: 2, 2: 1, 3: 4, 4: 3}, [1, 0, 0, 2]]","[29, 7]"
153,"[{1: 3, 2: 1, 3: 2, 4: 4}, [1, 1, 0, 0], {1: 4, 2: 3, 3: 2, 4: 1}, [2, 1, 2, 1]]","[30, 6]"
154,"[{1: 1, 2: 2, 3: 3, 4: 4}, [1, 0, 0, 1], {1: 4, 2: 2, 3: 1, 4: 3}, [2, 0, 1, 0]]",[31]
155,"[{1: 3, 2: 1, 3: 2, 4: 4}, [1, 1, 1, 1], {1: 2, 2: 4, 3: 3, 4: 1}, [2, 2, 1, 1]]",[32]
156,"[{1: 1, 2: 3, 3: 4, 4: 2}, [1, 1, 0, 0], {1: 2, 2: 4, 3: 3, 4: 1}, [1, 2, 1, 2]]",[33]
157,"[{1: 1, 2: 4, 3: 2, 4: 3}, [1, 1, 1, 1], {1: 3, 2: 1, 3: 2, 4: 4}, [1, 1, 2, 2]]",[2]
158,"[{1: 2, 2: 1, 3: 4, 4: 3}, [0, 0, 1, 1], {1: 4, 2: 2, 3: 1, 4: 3}, [2, 0, 0, 1]]",[3]
159,"[{1: 1, 2: 2, 3: 3, 4: 4}, [1, 0, 0, 1], {1: 4, 2: 2, 3: 1, 4: 3}, [1, 0, 0, 2]]",[4]
160,"[{1: 4, 2: 3, 3: 2, 4: 1}, [1, 1, 0, 0], {1: 3, 2: 4, 3: 1, 4: 2}, [0, 2, 0, 1]]","[6, 3]"
161,"[{1: 4, 2: 1, 3: 3, 4: 2}, [0, 0, 0, 0], {1: 2, 2: 1, 3: 4, 4: 3}, [0, 1, 1, 1]]",[7]
162,"[{1: 1, 2: 4, 3: 2, 4: 3}, [0, 1, 0, 1], {1: 2, 2: 1, 3: 4, 4: 3}, [1, 0, 1, 1]]",[8]
163,"[{1: 3, 2: 4, 3: 1, 4: 2}, [1, 0, 0, 1], {1: 3, 2: 4, 3: 1, 4: 2}, [1, 1, 0, 1]]",[9]
164,"[{1: 2, 2: 3, 3: 1, 4: 4}, [0, 0, 0, 0], {1: 2, 2: 4, 3: 3, 4: 1}, [2, 2, 0, 2]]",[10]
165,"[{1: 3, 2: 4, 3: 1, 4: 2}, [0, 0, 1, 1], {1: 1, 2: 3, 3: 4, 4: 2}, [0, 1, 0, 2]]",[11]
166,"[{1: 4, 2: 3, 3: 2, 4: 1}, [1, 0, 0, 1], {1: 1, 2: 3, 3: 4, 4: 2}, [0, 2, 2, 2]]",[12]
167,"[{1: 3, 2: 2, 3: 4, 4: 1}, [1, 0, 1, 0], {1: 2, 2: 4, 3: 3, 4: 1}, [2, 0, 2, 2]]",[13]
168,"[{1: 1, 2: 2, 3: 3, 4: 4}, [1, 1, 0, 0], {1: 4, 2: 3, 3: 2, 4: 1}, [0, 0, 1, 2]]",[14]
169,"[{1: 3, 2: 2, 3: 4, 4: 1}, [1, 1, 1, 1], {1: 1, 2: 2, 3: 3, 4: 4}, [1, 2, 2, 1]]",[15]
170,"[{1: 2, 2: 3, 3: 1, 4: 4}, [1, 0, 1, 0], {1: 1, 2: 2, 3: 3, 4: 4}, [1, 2, 0, 0]]",[16]
171,"[{1: 2, 2: 1, 3: 4, 4: 3}, [1, 0, 0, 1], {1: 4, 2: 3, 3: 2, 4: 1}, [0, 0, 2, 1]]","[17, 30]"
172,"[{1: 1, 2: 3, 3: 2, 4: 4}, [0, 0, 1, 1], {1: 1, 2: 2, 3: 4, 4: 3}, [0, 2, 0, 1]]","[18, 17]"
173,"[{1: 3, 2: 4, 3: 1, 4: 2}, [0, 0, 1, 1], {1: 1, 2: 2, 3: 3, 4: 4}, [0, 0, 2, 1]]",[19]
174,"[{1: 2, 2: 3, 3: 1, 4: 4}, [0, 0, 0, 0], {1: 3, 2: 4, 3: 1, 4: 2}, [0, 2, 2, 2]]",[20]
175,"[{1: 4, 2: 1, 3: 3, 4: 2}, [1, 0, 0, 1], {1: 3, 2: 4, 3: 1, 4: 2}, [1, 1, 2, 2]]",[21]
176,"[{1: 3, 2: 2, 3: 4, 4: 1}, [1, 1, 1, 1], {1: 4, 2: 2, 3: 1, 4: 3}, [2, 2, 1, 1]]",[23]
177,"[{1: 1, 2: 2, 3: 3, 4: 4}, [1, 1, 0, 0], {1: 2, 2: 4, 3: 3, 4: 1}, [0, 2, 0, 1]]",[24]
178,"[{1: 3, 2: 4, 3: 1, 4: 2}, [1, 1, 1, 1], {1: 2, 2: 4, 3: 3, 4: 1}, [0, 0, 2, 1]]",[25]
179,"[{1: 1, 2: 4, 3: 2, 4: 3}, [1, 0, 0, 1], {1: 4, 2: 2, 3: 1, 4: 3}, [1, 2, 1, 2]]",[26]
180,"[{1: 2, 2: 1, 3: 4, 4: 3}, [0, 0, 1, 1], {1: 2, 2: 1, 3: 4, 4: 3}, [0, 1, 0, 2]]",[27]
181,"[{1: 1, 2: 4, 3: 2, 4: 3}, [1, 1, 1, 1], {1: 4, 2: 3, 3: 2, 4: 1}, [2, 1, 1, 2]]","[28, 21]"
182,"[{1: 3, 2: 2, 3: 4, 4: 1}, [1, 0, 0, 1], {1: 4, 2: 3, 3: 2, 4: 1}, [2, 1, 2, 1]]","[29, 15]"
183,"[{1: 4, 2: 3, 3: 2, 4: 1}, [1, 1, 1, 1], {1: 2, 2: 1, 3: 4, 4: 3}, [1, 0, 0, 2]]","[30, 14]"
184,"[{1: 4, 2: 1, 3: 3, 4: 2}, [0, 0, 0, 0], {1: 1, 2: 3, 3: 4, 4: 2}, [1, 1, 0, 1]]",[31]
185,"[{1: 4, 2: 3, 3: 2, 4: 1}, [1, 1, 0, 0], {1: 3, 2: 1, 3: 2, 4: 4}, [1, 0, 0, 2]]",[32]
186,"[{1: 2, 2: 1, 3: 4, 4: 3}, [0, 0, 0, 0], {1: 3, 2: 1, 3: 2, 4: 4}, [0, 0, 0, 0]]",[33]
187,"[{1: 3, 2: 4, 3: 1, 4: 2}, [0, 0, 0, 0], {1: 2, 2: 1, 3: 4, 4: 3}, [2, 2, 1, 1]]","[2, 3, 31, 24]"
188,"[{1: 3, 2: 1, 3: 2, 4: 4}, [1, 1, 0, 0], {1: 1, 2: 2, 3: 3, 4: 4}, [0, 1, 2, 0]]",[3]
189,"[{1: 4, 2: 2, 3: 1, 4: 3}, [0, 1, 1, 0], {1: 1, 2: 2, 3: 3, 4: 4}, [2, 1, 2, 1]]",[4]
190,"[{1: 2, 2: 1, 3: 4, 4: 3}, [1, 0, 1, 0], {1: 2, 2: 1, 3: 4, 4: 3}, [1, 2, 1, 2]]","[5, 13]"
191,"[{1: 1, 2: 3, 3: 4, 4: 2}, [0, 0, 1, 1], {1: 1, 2: 4, 3: 2, 4: 3}, [1, 1, 2, 2]]",[6]
192,"[{1: 2, 2: 1, 3: 4, 4: 3}, [1, 1, 1, 1], {1: 4, 2: 1, 3: 3, 4: 2}, [1, 0, 0, 2]]",[7]
193,"[{1: 3, 2: 4, 3: 1, 4: 2}, [1, 0, 1, 0], {1: 4, 2: 1, 3: 3, 4: 2}, [2, 2, 0, 2]]",[8]
194,"[{1: 2, 2: 4, 3: 3, 4: 1}, [0, 1, 1, 0], {1: 1, 2: 4, 3: 2, 4: 3}, [2, 0, 2, 2]]",[9]
195,"[{1: 4, 2: 3, 3: 2, 4: 1}, [1, 1, 1, 1], {1: 3, 2: 4, 3: 1, 4: 2}, [1, 1, 1, 0]]","[10, 20]"
196,"[{1: 2, 2: 4, 3: 3, 4: 1}, [1, 1, 0, 0], {1: 4, 2: 3, 3: 2, 4: 1}, [2, 0, 1, 0]]","[11, 32]"
197,"[{1: 1, 2: 3, 3: 4, 4: 2}, [0, 1, 1, 0], {1: 4, 2: 3, 3: 2, 4: 1}, [2, 1, 0, 0]]",[12]
198,"[{1: 1, 2: 2, 3: 3, 4: 4}, [0, 1, 0, 1], {1: 3, 2: 4, 3: 1, 4: 2}, [1, 2, 0, 0]]","[13, 4]"
199,"[{1: 4, 2: 2, 3: 1, 4: 3}, [0, 0, 1, 1], {1: 2, 2: 3, 3: 1, 4: 4}, [2, 1, 2, 1]]",[14]
200,"[{1: 1, 2: 2, 3: 3, 4: 4}, [0, 0, 0, 0], {1: 3, 2: 2, 3: 4, 4: 1}, [0, 0, 0, 0]]","[15, 28]"
201,"[{1: 4, 2: 3, 3: 2, 4: 1}, [0, 1, 0, 1], {1: 3, 2: 2, 3: 4, 4: 1}, [0, 0, 1, 2]]",[16]
202,"[{1: 3, 2: 1, 3: 2, 4: 4}, [0, 1, 1, 0], {1: 2, 2: 3, 3: 1, 4: 4}, [2, 1, 0, 0]]",[17]
203,"[{1: 4, 2: 3, 3: 1, 4: 2}, [1, 1, 0, 0], {1: 4, 2: 2, 3: 3, 4: 1}, [2, 0, 2, 2]]","[18, 2]"
204,"[{1: 2, 2: 4, 3: 3, 4: 1}, [1, 1, 0, 0], {1: 3, 2: 2, 3: 4, 4: 1}, [2, 1, 0, 0]]",[19]
205,"[{1: 4, 2: 3, 3: 2, 4: 1}, [1, 1, 1, 1], {1: 1, 2: 4, 3: 2, 4: 3}, [1, 1, 1, 0]]","[20, 8]"
206,"[{1: 2, 2: 1, 3: 4, 4: 3}, [0, 1, 1, 0], {1: 1, 2: 4, 3: 2, 4: 3}, [2, 0, 1, 0]]",[21]
207,"[{1: 4, 2: 2, 3: 1, 4: 3}, [1, 1, 1, 1], {1: 3, 2: 2, 3: 4, 4: 1}, [2, 1, 1, 2]]",[22]
208,"[{1: 4, 2: 2, 3: 1, 4: 3}, [0, 0, 1, 1], {1: 3, 2: 4, 3: 1, 4: 2}, [2, 1, 1, 2]]","[24, 3]"
209,"[{1: 2, 2: 4, 3: 3, 4: 1}, [0, 0, 0, 0], {1: 3, 2: 4, 3: 1, 4: 2}, [2, 2, 0, 2]]",[25]
210,"[{1: 3, 2: 4, 3: 1, 4: 2}, [0, 1, 1, 0], {1: 1, 2: 2, 3: 3, 4: 4}, [2, 0, 0, 1]]",[26]
211,"[{1: 3, 2: 1, 3: 2, 4: 4}, [1, 1, 0, 0], {1: 4, 2: 1, 3: 3, 4: 2}, [1, 0, 2, 0]]",[27]
212,"[{1: 3, 2: 4, 3: 1, 4: 2}, [0, 0, 0, 0], {1: 2, 2: 3, 3: 1, 4: 4}, [1, 2, 2, 1]]",[28]
213,"[{1: 1, 2: 2, 3: 3, 4: 4}, [0, 1, 1, 0], {1: 2, 2: 3, 3: 1, 4: 4}, [1, 2, 0, 0]]",[29]
214,"[{1: 1, 2: 3, 3: 4, 4: 2}, [0, 0, 0, 0], {1: 4, 2: 1, 3: 3, 4: 2}, [2, 2, 2, 0]]",[30]
215,"[{1: 2, 2: 1, 3: 4, 4: 3}, [1, 1, 1, 1], {1: 4, 2: 3, 3: 2, 4: 1}, [0, 0, 1, 2]]",[31]
216,"[{1: 1, 2: 3, 3: 4, 4: 2}, [0, 0, 1, 1], {1: 2, 2: 1, 3: 4, 4: 3}, [2, 1, 2, 1]]",[32]
217,"[{1: 3, 2: 1, 3: 2, 4: 4}, [1, 1, 1, 1], {1: 2, 2: 1, 3: 4, 4: 3}, [1, 1, 2, 2]]","[33, 24]"
218,"[{1: 1, 2: 4, 3: 2, 4: 3}, [0, 1, 1, 0], {1: 4, 2: 3, 3: 2, 4: 1}, [0, 1, 0, 2]]","[2, 31]"
219,"[{1: 2, 2: 1, 3: 4, 4: 3}, [1, 1, 1, 1], {1: 3, 2: 4, 3: 1, 4: 2}, [2, 2, 0, 2]]","[3, 27]"
220,"[{1: 4, 2: 1, 3: 3, 4: 2}, [1, 1, 0, 0], {1: 4, 2: 3, 3: 2, 4: 1}, [2, 1, 0, 0]]",[5]
221,"[{1: 4, 2: 3, 3: 2, 4: 1}, [1, 1, 1, 1], {1: 2, 2: 3, 3: 1, 4: 4}, [0, 2, 1, 0]]",[6]
222,"[{1: 4, 2: 1, 3: 3, 4: 2}, [1, 0, 0, 1], {1: 3, 2: 2, 3: 4, 4: 1}, [2, 2, 1, 1]]",[7]
223,"[{1: 1, 2: 4, 3: 2, 4: 3}, [1, 1, 0, 0], {1: 3, 2: 2, 3: 4, 4: 1}, [0, 1, 1, 1]]",[8]
224,"[{1: 3, 2: 4, 3: 1, 4: 2}, [1, 0, 1, 0], {1: 2, 2: 3, 3: 1, 4: 4}, [1, 1, 1, 0]]",[9]
225,"[{1: 2, 2: 3, 3: 1, 4: 4}, [0, 1, 1, 0], {1: 1, 2: 2, 3: 3, 4: 4}, [2, 0, 0, 1]]",[10]
226,"[{1: 3, 2: 4, 3: 1, 4: 2}, [0, 0, 0, 0], {1: 2, 2: 1, 3: 4, 4: 3}, [1, 1, 2, 2]]","[11, 10, 23, 32]"
227,"[{1: 4, 2: 3, 3: 2, 4: 1}, [1, 0, 1, 0], {1: 2, 2: 1, 3: 4, 4: 3}, [1, 2, 1, 2]]","[12, 4]"
228,"[{1: 3, 2: 2, 3: 4, 4: 1}, [1, 1, 0, 0], {1: 1, 2: 2, 3: 3, 4: 4}, [2, 1, 2, 1]]",[13]
229,"[{1: 1, 2: 2, 3: 3, 4: 4}, [0, 0, 0, 0], {1: 1, 2: 4, 3: 2, 4: 3}, [0, 0, 0, 0]]","[14, 19]"
230,"[{1: 3, 2: 2, 3: 4, 4: 1}, [1, 0, 0, 1], {1: 4, 2: 1, 3: 3, 4: 2}, [2, 1, 2, 1]]",[15]
231,"[{1: 2, 2: 3, 3: 1, 4: 4}, [1, 1, 0, 0], {1: 4, 2: 1, 3: 3, 4: 2}, [2, 1, 0, 0]]",[16]
232,"[{1: 2, 2: 1, 3: 4, 4: 3}, [0, 1, 0, 1], {1: 1, 2: 4, 3: 2, 4: 3}, [0, 0, 1, 2]]",[17]
233,"[{1: 1, 2: 3, 3: 2, 4: 4}, [1, 0, 0, 1], {1: 3, 2: 1, 3: 4, 4: 2}, [1, 1, 0, 1]]","[18, 3]"
234,"[{1: 3, 2: 4, 3: 1, 4: 2}, [0, 0, 0, 0], {1: 4, 2: 1, 3: 3, 4: 2}, [1, 2, 2, 1]]",[19]
235,"[{1: 2, 2: 3, 3: 1, 4: 4}, [0, 1, 1, 0], {1: 2, 2: 3, 3: 1, 4: 4}, [0, 2, 0, 1]]",[20]
236,"[{1: 4, 2: 1, 3: 3, 4: 2}, [0, 0, 0, 0], {1: 2, 2: 3, 3: 1, 4: 4}, [1, 1, 0, 1]]",[21]
237,"[{1: 1, 2: 2, 3: 3, 4: 4}, [1, 1, 0, 0], {1: 4, 2: 1, 3: 3, 4: 2}, [1, 2, 0, 0]]",[22]
238,"[{1: 3, 2: 2, 3: 4, 4: 1}, [1, 0, 0, 1], {1: 3, 2: 4, 3: 1, 4: 2}, [2, 1, 1, 2]]","[23, 10]"
239,"[{1: 3, 2: 4, 3: 1, 4: 2}, [1, 1, 0, 0], {1: 1, 2: 2, 3: 3, 4: 4}, [0, 1, 2, 0]]",[25]
240,"[{1: 1, 2: 4, 3: 2, 4: 3}, [0, 0, 0, 0], {1: 3, 2: 4, 3: 1, 4: 2}, [1, 1, 1, 0]]",[26]
241,"[{1: 2, 2: 1, 3: 4, 4: 3}, [1, 1, 1, 1], {1: 3, 2: 2, 3: 4, 4: 1}, [2, 2, 0, 2]]","[27, 9]"
242,"[{1: 1, 2: 4, 3: 2, 4: 3}, [0, 1, 1, 0], {1: 1, 2: 4, 3: 2, 4: 3}, [2, 1, 0, 0]]",[28]
243,"[{1: 3, 2: 2, 3: 4, 4: 1}, [1, 1, 1, 1], {1: 1, 2: 4, 3: 2, 4: 3}, [2, 1, 1, 2]]",[29]
244,"[{1: 4, 2: 3, 3: 2, 4: 1}, [1, 1, 0, 0], {1: 3, 2: 2, 3: 4, 4: 1}, [0, 1, 0, 2]]",[30]
245,"[{1: 4, 2: 1, 3: 3, 4: 2}, [1, 0, 0, 1], {1: 2, 2: 1, 3: 4, 4: 3}, [2, 1, 2, 1]]",[31]
246,"[{1: 4, 2: 3, 3: 2, 4: 1}, [1, 1, 1, 1], {1: 4, 2: 3, 3: 2, 4: 1}, [0, 0, 1, 2]]",[32]
247,"[{1: 2, 2: 1, 3: 4, 4: 3}, [1, 1, 0, 0], {1: 4, 2: 3, 3: 2, 4: 1}, [2, 0, 1, 0]]",[33]
248,"[{1: 2, 2: 3, 3: 1, 4: 4}, [0, 0, 0, 0], {1: 4, 2: 3, 3: 2, 4: 1}, [0, 2, 2, 2]]",[2]
249,"[{1: 3, 2: 4, 3: 1, 4: 2}, [0, 1, 1, 0], {1: 3, 2: 4, 3: 1, 4: 2}, [2, 2, 0, 2]]",[4]
250,"[{1: 3, 2: 2, 3: 4, 4: 1}, [1, 0, 1, 0], {1: 4, 2: 3, 3: 2, 4: 1}, [2, 2, 2, 0]]",[5]
251,"[{1: 2, 2: 1, 3: 4, 4: 3}, [0, 0, 1, 1], {1: 2, 2: 3, 3: 1, 4: 4}, [1, 2, 0, 0]]",[6]
252,"[{1: 3, 2: 2, 3: 4, 4: 1}, [1, 1, 1, 1], {1: 3, 2: 2, 3: 4, 4: 1}, [2, 1, 1, 2]]",[7]
253,"[{1: 1, 2: 2, 3: 3, 4: 4}, [0, 1, 1, 0], {1: 2, 2: 3, 3: 1, 4: 4}, [2, 1, 0, 0]]",[9]
254,"[{1: 1, 2: 4, 3: 2, 4: 3}, [1, 1, 1, 1], {1: 1, 2: 2, 3: 3, 4: 4}, [2, 2, 1, 1]]",[10]
255,"[{1: 1, 2: 2, 3: 3, 4: 4}, [1, 1, 0, 0], {1: 2, 2: 1, 3: 4, 4: 3}, [0, 1, 2, 0]]",[11]
256,"[{1: 2, 2: 1, 3: 4, 4: 3}, [0, 1, 1, 0], {1: 2, 2: 1, 3: 4, 4: 3}, [0, 2, 1, 0]]","[12, 33]"
257,"[{1: 4, 2: 1, 3: 3, 4: 2}, [0, 1, 0, 1], {1: 1, 2: 2, 3: 3, 4: 4}, [2, 0, 0, 1]]",[13]
258,"[{1: 3, 2: 4, 3: 1, 4: 2}, [0, 0, 1, 1], {1: 1, 2: 4, 3: 2, 4: 3}, [0, 1, 0, 2]]",[14]
259,"[{1: 4, 2: 1, 3: 3, 4: 2}, [0, 0, 0, 0], {1: 4, 2: 1, 3: 3, 4: 2}, [1, 1, 0, 1]]",[15]
260,"[{1: 1, 2: 4, 3: 2, 4: 3}, [0, 1, 0, 1], {1: 4, 2: 1, 3: 3, 4: 2}, [1, 1, 1, 0]]",[16]
261,"[{1: 4, 2: 3, 3: 2, 4: 1}, [0, 1, 1, 0], {1: 1, 2: 4, 3: 2, 4: 3}, [0, 1, 1, 1]]",[17]
262,"[{1: 2, 2: 4, 3: 1, 4: 3}, [1, 1, 0, 0], {1: 3, 2: 1, 3: 4, 4: 2}, [0, 1, 0, 2]]","[18, 4]"
263,"[{1: 1, 2: 2, 3: 3, 4: 4}, [1, 1, 0, 0], {1: 4, 2: 1, 3: 3, 4: 2}, [0, 2, 0, 1]]",[19]
264,"[{1: 1, 2: 4, 3: 2, 4: 3}, [1, 1, 1, 1], {1: 2, 2: 3, 3: 1, 4: 4}, [1, 2, 2, 1]]",[20]
265,"[{1: 3, 2: 2, 3: 4, 4: 1}, [0, 1, 1, 0], {1: 2, 2: 3, 3: 1, 4: 4}, [2, 1, 2, 1]]",[21]
266,"[{1: 3, 2: 4, 3: 1, 4: 2}, [1, 1, 1, 1], {1: 4, 2: 1, 3: 3, 4: 2}, [0, 2, 1, 0]]",[22]
267,"[{1: 4, 2: 1, 3: 3, 4: 2}, [0, 0, 0, 0], {1: 3, 2: 4, 3: 1, 4: 2}, [0, 1, 1, 1]]",[23]
268,"[{1: 3, 2: 4, 3: 1, 4: 2}, [0, 0, 1, 1], {1: 1, 2: 2, 3: 3, 4: 4}, [0, 2, 1, 0]]",[24]
269,"[{1: 2, 2: 3, 3: 1, 4: 4}, [0, 1, 1, 0], {1: 3, 2: 4, 3: 1, 4: 2}, [2, 1, 1, 2]]",[26]
270,"[{1: 4, 2: 3, 3: 2, 4: 1}, [1, 1, 0, 0], {1: 3, 2: 2, 3: 4, 4: 1}, [2, 1, 0, 0]]",[27]
271,"[{1: 2, 2: 3, 3: 1, 4: 4}, [0, 0, 0, 0], {1: 1, 2: 4, 3: 2, 4: 3}, [2, 2, 0, 2]]",[28]
272,"[{1: 4, 2: 1, 3: 3, 4: 2}, [0, 1, 1, 0], {1: 1, 2: 4, 3: 2, 4: 3}, [2, 2, 1, 1]]",[29]
273,"[{1: 2, 2: 1, 3: 4, 4: 3}, [0, 0, 0, 0], {1: 3, 2: 2, 3: 4, 4: 1}, [0, 0, 0, 0]]",[30]
274,"[{1: 3, 2: 2, 3: 4, 4: 1}, [1, 1, 1, 1], {1: 2, 2: 1, 3: 4, 4: 3}, [1, 1, 2, 2]]","[31, 26]"
275,"[{1: 2, 2: 1, 3: 4, 4: 3}, [0, 0, 1, 1], {1: 4, 2: 3, 3: 2, 4: 1}, [0, 1, 0, 2]]",[32]
276,"[{1: 4, 2: 3, 3: 2, 4: 1}, [1, 1, 1, 1], {1: 4, 2: 3, 3: 2, 4: 1}, [2, 1, 0, 0]]","[33, 11]"
277,"[{1: 1, 2: 2, 3: 3, 4: 4}, [0, 1, 1, 0], {1: 2, 2: 1, 3: 4, 4: 3}, [2, 0, 0, 1]]",[2]
278,"[{1: 2, 2: 4, 3: 3, 4: 1}, [1, 1, 1, 1], {1: 1, 2: 2, 3: 3, 4: 4}, [1, 1, 2, 2]]",[3]
279,"[{1: 1, 2: 3, 3: 4, 4: 2}, [0, 1, 0, 1], {1: 1, 2: 2, 3: 3, 4: 4}, [0, 1, 2, 0]]",[4]
280,"[{1: 4, 2: 3, 3: 2, 4: 1}, [1, 1, 0, 0], {1: 2, 2: 1, 3: 4, 4: 3}, [1, 0, 0, 2]]",[5]
281,"[{1: 4, 2: 2, 3: 1, 4: 3}, [1, 1, 1, 1], {1: 1, 2: 4, 3: 2, 4: 3}, [2, 1, 1, 2]]",[6]
282,"[{1: 4, 2: 3, 3: 2, 4: 1}, [1, 0, 0, 1], {1: 4, 2: 1, 3: 3, 4: 2}, [1, 2, 0, 0]]",[7]
283,"[{1: 1, 2: 2, 3: 3, 4: 4}, [1, 1, 0, 0], {1: 4, 2: 1, 3: 3, 4: 2}, [2, 1, 0, 0]]",[8]
284,"[{1: 2, 2: 1, 3: 4, 4: 3}, [0, 1, 1, 0], {1: 3, 2: 4, 3: 1, 4: 2}, [1, 0, 2, 0]]","[10, 7]"
285,"[{1: 3, 2: 1, 3: 2, 4: 4}, [0, 0, 0, 0], {1: 4, 2: 3, 3: 2, 4: 1}, [1, 0, 1, 1]]",[11]
286,"[{1: 4, 2: 2, 3: 1, 4: 3}, [1, 0, 1, 0], {1: 4, 2: 3, 3: 2, 4: 1}, [1, 1, 0, 1]]",[12]
287,"[{1: 3, 2: 4, 3: 1, 4: 2}, [1, 1, 0, 0], {1: 3, 2: 4, 3: 1, 4: 2}, [1, 1, 1, 0]]",[13]
288,"[{1: 1, 2: 3, 3: 4, 4: 2}, [0, 0, 0, 0], {1: 2, 2: 3, 3: 1, 4: 4}, [2, 2, 2, 0]]",[14]
289,"[{1: 3, 2: 4, 3: 1, 4: 2}, [1, 0, 0, 1], {1: 3, 2: 2, 3: 4, 4: 1}, [2, 0, 1, 0]]",[15]
290,"[{1: 2, 2: 1, 3: 4, 4: 3}, [1, 1, 0, 0], {1: 3, 2: 2, 3: 4, 4: 1}, [2, 0, 2, 2]]",[16]
291,"[{1: 2, 2: 4, 3: 3, 4: 1}, [0, 1, 0, 1], {1: 2, 2: 3, 3: 1, 4: 4}, [2, 2, 0, 2]]",[17]
292,"[{1: 1, 2: 2, 3: 4, 4: 3}, [1, 0, 0, 1], {1: 4, 2: 2, 3: 3, 4: 1}, [1, 0, 2, 0]]","[18, 5]"
293,"[{1: 3, 2: 1, 3: 2, 4: 4}, [0, 0, 0, 0], {1: 3, 2: 2, 3: 4, 4: 1}, [1, 1, 1, 0]]",[19]
294,"[{1: 2, 2: 1, 3: 4, 4: 3}, [0, 1, 1, 0], {1: 1, 2: 4, 3: 2, 4: 3}, [2, 1, 0, 0]]",[20]
295,"[{1: 4, 2: 3, 3: 2, 4: 1}, [0, 0, 0, 0], {1: 1, 2: 4, 3: 2, 4: 3}, [0, 0, 0, 0]]",[21]
296,"[{1: 1, 2: 3, 3: 4, 4: 2}, [1, 1, 0, 0], {1: 3, 2: 2, 3: 4, 4: 1}, [1, 1, 2, 2]]",[22]
297,"[{1: 3, 2: 4, 3: 1, 4: 2}, [1, 0, 0, 1], {1: 1, 2: 2, 3: 3, 4: 4}, [1, 0, 0, 2]]",[23]
298,"[{1: 1, 2: 3, 3: 4, 4: 2}, [0, 0, 0, 0], {1: 3, 2: 4, 3: 1, 4: 2}, [2, 0, 2, 2]]",[24]
299,"[{1: 3, 2: 1, 3: 2, 4: 4}, [1, 1, 0, 0], {1: 3, 2: 4, 3: 1, 4: 2}, [2, 1, 1, 2]]",[25]
300,"[{1: 2, 2: 4, 3: 3, 4: 1}, [1, 1, 1, 1], {1: 4, 2: 1, 3: 3, 4: 2}, [1, 2, 2, 1]]",[27]
301,"[{1: 1, 2: 2, 3: 3, 4: 4}, [0, 1, 1, 0], {1: 2, 2: 3, 3: 1, 4: 4}, [1, 0, 2, 0]]",[28]
302,"[{1: 3, 2: 4, 3: 1, 4: 2}, [1, 1, 1, 1], {1: 2, 2: 3, 3: 1, 4: 4}, [1, 0, 0, 2]]",[29]
303,"[{1: 4, 2: 2, 3: 1, 4: 3}, [1, 1, 0, 0], {1: 4, 2: 1, 3: 3, 4: 2}, [2, 1, 2, 1]]",[30]
304,"[{1: 4, 2: 3, 3: 2, 4: 1}, [1, 0, 0, 1], {1: 4, 2: 3, 3: 2, 4: 1}, [2, 0, 1, 0]]",[31]
305,"[{1: 4, 2: 2, 3: 1, 4: 3}, [1, 1, 1, 1], {1: 2, 2: 1, 3: 4, 4: 3}, [2, 2, 1, 1]]","[32, 25]"
306,"[{1: 2, 2: 4, 3: 3, 4: 1}, [1, 1, 0, 0], {1: 2, 2: 1, 3: 4, 4: 3}, [1, 2, 1, 2]]","[33, 3]"
307,"[{1: 4, 2: 1, 3: 3, 4: 2}, [1, 0, 0, 1], {1: 1, 2: 3, 3: 4, 4: 2}, [1, 2, 1, 2]]",[2]
308,"[{1: 1, 2: 2, 3: 3, 4: 4}, [0, 0, 0, 0], {1: 2, 2: 4, 3: 3, 4: 1}, [0, 0, 0, 0]]","[3, 32]"
309,"[{1: 2, 2: 1, 3: 4, 4: 3}, [1, 0, 1, 0], {1: 2, 2: 4, 3: 3, 4: 1}, [2, 0, 0, 1]]",[4]
310,"[{1: 1, 2: 4, 3: 2, 4: 3}, [0, 0, 1, 1], {1: 1, 2: 3, 3: 4, 4: 2}, [0, 2, 1, 0]]",[5]
311,"[{1: 1, 2: 4, 3: 2, 4: 3}, [0, 1, 1, 0], {1: 1, 2: 2, 3: 3, 4: 4}, [0, 0, 1, 2]]",[7]
312,"[{1: 4, 2: 1, 3: 3, 4: 2}, [0, 0, 1, 1], {1: 1, 2: 2, 3: 3, 4: 4}, [1, 2, 1, 2]]",[8]
313,"[{1: 3, 2: 2, 3: 4, 4: 1}, [1, 0, 0, 1], {1: 4, 2: 2, 3: 1, 4: 3}, [2, 1, 1, 2]]",[10]
314,"[{1: 4, 2: 3, 3: 2, 4: 1}, [1, 1, 1, 1], {1: 3, 2: 1, 3: 2, 4: 4}, [2, 1, 0, 0]]",[11]
315,"[{1: 3, 2: 4, 3: 1, 4: 2}, [0, 1, 0, 1], {1: 3, 2: 1, 3: 2, 4: 4}, [2, 2, 2, 0]]",[12]
316,"[{1: 2, 2: 3, 3: 1, 4: 4}, [0, 0, 1, 1], {1: 4, 2: 2, 3: 1, 4: 3}, [2, 2, 0, 2]]",[13]
317,"[{1: 2, 2: 1, 3: 4, 4: 3}, [1, 1, 1, 1], {1: 3, 2: 4, 3: 1, 4: 2}, [0, 1, 1, 1]]","[14, 24]"
318,"[{1: 2, 2: 3, 3: 1, 4: 4}, [0, 1, 1, 0], {1: 2, 2: 1, 3: 4, 4: 3}, [0, 2, 0, 1]]","[15, 20]"
319,"[{1: 3, 2: 2, 3: 4, 4: 1}, [0, 0, 1, 1], {1: 2, 2: 1, 3: 4, 4: 3}, [0, 2, 1, 0]]",[16]
320,"[{1: 1, 2: 2, 3: 3, 4: 4}, [1, 0, 1, 0], {1: 3, 2: 4, 3: 1, 4: 2}, [0, 1, 2, 0]]","[17, 8]"
321,"[{1: 3, 2: 1, 3: 4, 4: 2}, [0, 1, 1, 0], {1: 2, 2: 1, 3: 3, 4: 4}, [2, 2, 0, 2]]","[18, 6]"
322,"[{1: 4, 2: 3, 3: 2, 4: 1}, [1, 1, 1, 1], {1: 2, 2: 1, 3: 4, 4: 3}, [2, 0, 0, 1]]",[19]
323,"[{1: 3, 2: 2, 3: 4, 4: 1}, [1, 0, 0, 1], {1: 4, 2: 3, 3: 2, 4: 1}, [1, 2, 1, 2]]",[20]
324,"[{1: 2, 2: 1, 3: 4, 4: 3}, [0, 0, 1, 1], {1: 2, 2: 1, 3: 4, 4: 3}, [2, 0, 1, 0]]",[22]
325,"[{1: 2, 2: 3, 3: 1, 4: 4}, [0, 1, 1, 0], {1: 2, 2: 4, 3: 3, 4: 1}, [0, 2, 1, 0]]",[23]
326,"[{1: 2, 2: 1, 3: 4, 4: 3}, [1, 1, 1, 1], {1: 4, 2: 2, 3: 1, 4: 3}, [0, 1, 1, 1]]","[24, 12]"
327,"[{1: 4, 2: 3, 3: 2, 4: 1}, [0, 0, 1, 1], {1: 4, 2: 2, 3: 1, 4: 3}, [0, 2, 0, 1]]",[25]
328,"[{1: 4, 2: 1, 3: 3, 4: 2}, [1, 1, 1, 1], {1: 2, 2: 4, 3: 3, 4: 1}, [2, 2, 1, 1]]",[26]
329,"[{1: 4, 2: 1, 3: 3, 4: 2}, [1, 0, 0, 1], {1: 3, 2: 4, 3: 1, 4: 2}, [2, 2, 1, 1]]","[28, 7]"
330,"[{1: 2, 2: 3, 3: 1, 4: 4}, [0, 0, 0, 0], {1: 3, 2: 4, 3: 1, 4: 2}, [2, 2, 2, 0]]",[29]
331,"[{1: 3, 2: 4, 3: 1, 4: 2}, [0, 0, 1, 1], {1: 1, 2: 2, 3: 3, 4: 4}, [1, 2, 0, 0]]",[30]
332,"[{1: 1, 2: 4, 3: 2, 4: 3}, [0, 1, 1, 0], {1: 3, 2: 1, 3: 2, 4: 4}, [0, 1, 0, 2]]",[31]
333,"[{1: 3, 2: 4, 3: 1, 4: 2}, [0, 0, 0, 0], {1: 1, 2: 3, 3: 4, 4: 2}, [1, 1, 2, 2]]",[32]
334,"[{1: 1, 2: 2, 3: 3, 4: 4}, [0, 0, 1, 1], {1: 1, 2: 3, 3: 4, 4: 2}, [0, 1, 2, 0]]",[33]
335,"[{1: 1, 2: 2, 3: 3, 4: 4}, [0, 0, 0, 0], {1: 4, 2: 2, 3: 1, 4: 3}, [0, 0, 0, 0]]","[2, 23]"
336,"[{1: 2, 2: 4, 3: 3, 4: 1}, [1, 1, 0, 0], {1: 3, 2: 1, 3: 2, 4: 4}, [1, 2, 1, 2]]",[3]
337,"[{1: 1, 2: 3, 3: 4, 4: 2}, [0, 1, 1, 0], {1: 3, 2: 1, 3: 2, 4: 4}, [0, 2, 1, 0]]",[4]
338,"[{1: 4, 2: 3, 3: 2, 4: 1}, [1, 0, 1, 0], {1: 4, 2: 2, 3: 1, 4: 3}, [2, 0, 0, 1]]",[5]
339,"[{1: 4, 2: 2, 3: 1, 4: 3}, [0, 0, 1, 1], {1: 2, 2: 1, 3: 4, 4: 3}, [2, 0, 1, 0]]","[6, 19]"
340,"[{1: 4, 2: 3, 3: 2, 4: 1}, [1, 1, 1, 1], {1: 3, 2: 4, 3: 1, 4: 2}, [2, 2, 2, 0]]","[7, 31]"
341,"[{1: 3, 2: 1, 3: 2, 4: 4}, [0, 1, 1, 0], {1: 2, 2: 1, 3: 4, 4: 3}, [0, 2, 1, 0]]",[9]
342,"[{1: 2, 2: 1, 3: 4, 4: 3}, [1, 1, 1, 1], {1: 1, 2: 3, 3: 4, 4: 2}, [0, 0, 2, 1]]",[10]
343,"[{1: 3, 2: 1, 3: 2, 4: 4}, [1, 1, 0, 0], {1: 2, 2: 4, 3: 3, 4: 1}, [1, 2, 2, 1]]",[11]
344,"[{1: 4, 2: 2, 3: 1, 4: 3}, [0, 1, 1, 0], {1: 2, 2: 4, 3: 3, 4: 1}, [1, 0, 1, 1]]",[12]
345,"[{1: 3, 2: 4, 3: 1, 4: 2}, [0, 1, 0, 1], {1: 1, 2: 3, 3: 4, 4: 2}, [0, 1, 1, 1]]",[13]
346,"[{1: 1, 2: 3, 3: 4, 4: 2}, [0, 0, 1, 1], {1: 1, 2: 2, 3: 3, 4: 4}, [1, 2, 0, 0]]",[14]
347,"[{1: 2, 2: 4, 3: 3, 4: 1}, [0, 1, 1, 0], {1: 1, 2: 2, 3: 3, 4: 4}, [1, 2, 1, 2]]",[17]
348,"[{1: 1, 2: 2, 3: 4, 4: 3}, [1, 1, 0, 0], {1: 3, 2: 4, 3: 2, 4: 1}, [1, 1, 1, 0]]","[18, 7]"
349,"[{1: 3, 2: 1, 3: 2, 4: 4}, [1, 1, 0, 0], {1: 4, 2: 3, 3: 2, 4: 1}, [1, 2, 1, 2]]",[19]
350,"[{1: 2, 2: 1, 3: 4, 4: 3}, [1, 1, 1, 1], {1: 2, 2: 1, 3: 4, 4: 3}, [2, 0, 0, 1]]",[20]
351,"[{1: 4, 2: 3, 3: 2, 4: 1}, [0, 1, 1, 0], {1: 2, 2: 1, 3: 4, 4: 3}, [0, 2, 0, 1]]",[21]
352,"[{1: 3, 2: 4, 3: 1, 4: 2}, [0, 0, 0, 0], {1: 3, 2: 1, 3: 2, 4: 4}, [1, 1, 2, 2]]",[23]
353,"[{1: 1, 2: 3, 3: 4, 4: 2}, [0, 0, 1, 1], {1: 1, 2: 3, 3: 4, 4: 2}, [1, 0, 2, 0]]",[24]
354,"[{1: 3, 2: 1, 3: 2, 4: 4}, [0, 0, 0, 0], {1: 1, 2: 3, 3: 4, 4: 2}, [1, 1, 1, 0]]",[25]
355,"[{1: 1, 2: 2, 3: 3, 4: 4}, [0, 1, 1, 0], {1: 3, 2: 1, 3: 2, 4: 4}, [0, 1, 2, 0]]",[26]
356,"[{1: 2, 2: 4, 3: 3, 4: 1}, [1, 1, 0, 0], {1: 3, 2: 4, 3: 1, 4: 2}, [2, 2, 1, 1]]","[27, 14]"
357,"[{1: 3, 2: 4, 3: 1, 4: 2}, [0, 1, 1, 0], {1: 1, 2: 2, 3: 3, 4: 4}, [0, 0, 1, 2]]",[29]
358,"[{1: 4, 2: 2, 3: 1, 4: 3}, [0, 0, 0, 0], {1: 3, 2: 4, 3: 1, 4: 2}, [0, 1, 1, 1]]",[30]
359,"[{1: 4, 2: 3, 3: 2, 4: 1}, [1, 1, 1, 1], {1: 2, 2: 4, 3: 3, 4: 1}, [2, 2, 2, 0]]","[31, 13]"
360,"[{1: 4, 2: 2, 3: 1, 4: 3}, [0, 0, 1, 1], {1: 4, 2: 2, 3: 1, 4: 3}, [0, 2, 1, 0]]",[32]
361,"[{1: 2, 2: 4, 3: 3, 4: 1}, [1, 1, 1, 1], {1: 4, 2: 2, 3: 1, 4: 3}, [2, 2, 1, 1]]",[33]
362,"[{1: 3, 2: 4, 3: 1, 4: 2}, [1, 0, 0, 1], {1: 4, 2: 2, 3: 1, 4: 3}, [2, 0, 1, 0]]",[2]
363,"[{1: 3, 2: 1, 3: 2, 4: 4}, [0, 0, 0, 0], {1: 3, 2: 1, 3: 2, 4: 4}, [1, 1, 1, 0]]",[3]
364,"[{1: 4, 2: 2, 3: 1, 4: 3}, [1, 0, 1, 0], {1: 3, 2: 1, 3: 2, 4: 4}, [0, 1, 1, 1]]",[4]
365,"[{1: 2, 2: 1, 3: 4, 4: 3}, [0, 0, 1, 1], {1: 4, 2: 2, 3: 1, 4: 3}, [1, 0, 1, 1]]",[5]
366,"[{1: 1, 2: 3, 3: 4, 4: 2}, [0, 0, 0, 0], {1: 2, 2: 1, 3: 4, 4: 3}, [2, 0, 2, 2]]",[6]
367,"[{1: 3, 2: 4, 3: 1, 4: 2}, [0, 0, 1, 1], {1: 3, 2: 4, 3: 1, 4: 2}, [2, 2, 2, 0]]",[8]
368,"[{1: 2, 2: 4, 3: 3, 4: 1}, [0, 1, 0, 1], {1: 2, 2: 1, 3: 4, 4: 3}, [0, 2, 2, 2]]",[9]
369,"[{1: 4, 2: 3, 3: 2, 4: 1}, [1, 0, 0, 1], {1: 1, 2: 3, 3: 4, 4: 2}, [0, 1, 2, 0]]",[10]
370,"[{1: 2, 2: 4, 3: 3, 4: 1}, [1, 1, 1, 1], {1: 2, 2: 4, 3: 3, 4: 1}, [2, 2, 1, 1]]",[11]
371,"[{1: 1, 2: 2, 3: 3, 4: 4}, [0, 0, 1, 1], {1: 1, 2: 3, 3: 4, 4: 2}, [0, 2, 1, 0]]",[13]
372,"[{1: 4, 2: 2, 3: 1, 4: 3}, [1, 1, 1, 1], {1: 1, 2: 2, 3: 3, 4: 4}, [1, 2, 2, 1]]",[14]
373,"[{1: 1, 2: 2, 3: 3, 4: 4}, [0, 1, 1, 0], {1: 4, 2: 3, 3: 2, 4: 1}, [0, 0, 1, 2]]",[15]
374,"[{1: 4, 2: 3, 3: 2, 4: 1}, [0, 0, 1, 1], {1: 4, 2: 3, 3: 2, 4: 1}, [0, 0, 2, 1]]","[16, 21]"
375,"[{1: 3, 2: 1, 3: 2, 4: 4}, [1, 0, 1, 0], {1: 1, 2: 2, 3: 3, 4: 4}, [1, 2, 0, 0]]",[17]
376,"[{1: 4, 2: 3, 3: 1, 4: 2}, [0, 1, 1, 0], {1: 3, 2: 4, 3: 2, 4: 1}, [2, 0, 1, 0]]","[18, 8]"
377,"[{1: 4, 2: 3, 3: 2, 4: 1}, [1, 0, 0, 1], {1: 2, 2: 1, 3: 4, 4: 3}, [2, 0, 1, 0]]",[20]
378,"[{1: 2, 2: 1, 3: 4, 4: 3}, [1, 1, 1, 1], {1: 2, 2: 1, 3: 4, 4: 3}, [0, 2, 1, 0]]","[21, 15]"
379,"[{1: 4, 2: 2, 3: 1, 4: 3}, [0, 0, 1, 1], {1: 4, 2: 3, 3: 2, 4: 1}, [2, 1, 2, 1]]","[22, 14]"
380,"[{1: 1, 2: 2, 3: 3, 4: 4}, [0, 1, 1, 0], {1: 3, 2: 1, 3: 2, 4: 4}, [1, 0, 2, 0]]",[23]
381,"[{1: 4, 2: 2, 3: 1, 4: 3}, [1, 1, 1, 1], {1: 1, 2: 3, 3: 4, 4: 2}, [1, 1, 2, 2]]",[24]
382,"[{1: 2, 2: 4, 3: 3, 4: 1}, [0, 0, 1, 1], {1: 1, 2: 3, 3: 4, 4: 2}, [1, 2, 1, 2]]",[25]
383,"[{1: 3, 2: 4, 3: 1, 4: 2}, [1, 1, 1, 1], {1: 3, 2: 1, 3: 2, 4: 4}, [0, 0, 2, 1]]",[26]
384,"[{1: 3, 2: 1, 3: 2, 4: 4}, [0, 0, 0, 0], {1: 3, 2: 4, 3: 1, 4: 2}, [1, 0, 1, 1]]",[27]
385,"[{1: 3, 2: 4, 3: 1, 4: 2}, [1, 0, 0, 1], {1: 1, 2: 2, 3: 3, 4: 4}, [0, 0, 2, 1]]",[28]
386,"[{1: 1, 2: 3, 3: 4, 4: 2}, [0, 0, 1, 1], {1: 3, 2: 4, 3: 1, 4: 2}, [2, 2, 1, 1]]",[30]
387,"[{1: 2, 2: 1, 3: 4, 4: 3}, [0, 1, 1, 0], {1: 2, 2: 4, 3: 3, 4: 1}, [0, 2, 1, 0]]",[31]
388,"[{1: 1, 2: 3, 3: 4, 4: 2}, [0, 0, 0, 0], {1: 4, 2: 2, 3: 1, 4: 3}, [2, 2, 2, 0]]",[32]
389,"[{1: 3, 2: 1, 3: 2, 4: 4}, [0, 0, 1, 1], {1: 4, 2: 2, 3: 1, 4: 3}, [1, 2, 2, 1]]",[33]
390,"[{1: 3, 2: 2, 3: 4, 4: 1}, [0, 0, 0, 0], {1: 1, 2: 3, 3: 4, 4: 2}, [0, 2, 2, 2]]",[2]
391,"[{1: 3, 2: 4, 3: 1, 4: 2}, [1, 1, 0, 0], {1: 2, 2: 4, 3: 3, 4: 1}, [0, 2, 0, 1]]",[3]
392,"[{1: 4, 2: 3, 3: 2, 4: 1}, [0, 1, 1, 0], {1: 2, 2: 4, 3: 3, 4: 1}, [2, 2, 0, 2]]",[4]
393,"[{1: 2, 2: 3, 3: 1, 4: 4}, [1, 0, 1, 0], {1: 1, 2: 3, 3: 4, 4: 2}, [2, 2, 2, 0]]",[5]
394,"[{1: 1, 2: 2, 3: 3, 4: 4}, [0, 0, 1, 1], {1: 4, 2: 3, 3: 2, 4: 1}, [1, 2, 0, 0]]",[6]
395,"[{1: 2, 2: 3, 3: 1, 4: 4}, [1, 1, 1, 1], {1: 1, 2: 2, 3: 3, 4: 4}, [2, 1, 1, 2]]",[7]
396,"[{1: 3, 2: 2, 3: 4, 4: 1}, [1, 0, 1, 0], {1: 1, 2: 2, 3: 3, 4: 4}, [0, 0, 1, 2]]",[8]
397,"[{1: 2, 2: 1, 3: 4, 4: 3}, [0, 1, 1, 0], {1: 4, 2: 3, 3: 2, 4: 1}, [2, 1, 0, 0]]",[9]
398,"[{1: 4, 2: 1, 3: 3, 4: 2}, [1, 1, 1, 1], {1: 4, 2: 2, 3: 1, 4: 3}, [2, 2, 1, 1]]",[10]
399,"[{1: 2, 2: 1, 3: 4, 4: 3}, [1, 1, 0, 0], {1: 3, 2: 1, 3: 2, 4: 4}, [0, 1, 2, 0]]",[11]
400,"[{1: 1, 2: 2, 3: 3, 4: 4}, [0, 1, 1, 0], {1: 3, 2: 1, 3: 2, 4: 4}, [0, 2, 1, 0]]",[12]
401,"[{1: 4, 2: 3, 3: 2, 4: 1}, [0, 0, 1, 1], {1: 3, 2: 4, 3: 1, 4: 2}, [0, 1, 0, 2]]","[14, 11]"
402,"[{1: 1, 2: 4, 3: 2, 4: 3}, [0, 0, 0, 0], {1: 2, 2: 1, 3: 4, 4: 3}, [1, 1, 0, 1]]",[15]
403,"[{1: 4, 2: 1, 3: 3, 4: 2}, [0, 1, 0, 1], {1: 2, 2: 1, 3: 4, 4: 3}, [1, 1, 1, 0]]",[16]
404,"[{1: 3, 2: 4, 3: 1, 4: 2}, [0, 1, 1, 0], {1: 3, 2: 4, 3: 1, 4: 2}, [0, 1, 1, 1]]",[17]
405,"[{1: 4, 2: 2, 3: 3, 4: 1}, [1, 1, 0, 0], {1: 2, 2: 1, 3: 3, 4: 4}, [0, 1, 0, 2]]","[18, 9]"
406,"[{1: 2, 2: 1, 3: 4, 4: 3}, [1, 1, 0, 0], {1: 2, 2: 1, 3: 4, 4: 3}, [0, 2, 0, 1]]",[19]
407,"[{1: 2, 2: 3, 3: 1, 4: 4}, [0, 1, 1, 0], {1: 4, 2: 3, 3: 2, 4: 1}, [2, 1, 2, 1]]","[21, 7]"
408,"[{1: 4, 2: 3, 3: 2, 4: 1}, [1, 1, 1, 1], {1: 2, 2: 1, 3: 4, 4: 3}, [0, 2, 1, 0]]","[22, 6]"
409,"[{1: 1, 2: 4, 3: 2, 4: 3}, [0, 0, 0, 0], {1: 2, 2: 4, 3: 3, 4: 1}, [0, 1, 1, 1]]",[23]
410,"[{1: 4, 2: 3, 3: 2, 4: 1}, [0, 0, 1, 1], {1: 4, 2: 2, 3: 1, 4: 3}, [0, 2, 1, 0]]",[24]
411,"[{1: 2, 2: 1, 3: 4, 4: 3}, [0, 0, 0, 0], {1: 4, 2: 2, 3: 1, 4: 3}, [0, 0, 0, 0]]",[25]
412,"[{1: 3, 2: 2, 3: 4, 4: 1}, [0, 1, 1, 0], {1: 2, 2: 4, 3: 3, 4: 1}, [2, 1, 1, 2]]",[26]
413,"[{1: 3, 2: 4, 3: 1, 4: 2}, [1, 1, 0, 0], {1: 1, 2: 2, 3: 3, 4: 4}, [2, 1, 0, 0]]",[27]
414,"[{1: 3, 2: 2, 3: 4, 4: 1}, [0, 0, 0, 0], {1: 3, 2: 4, 3: 1, 4: 2}, [2, 2, 0, 2]]",[28]
415,"[{1: 1, 2: 4, 3: 2, 4: 3}, [0, 1, 1, 0], {1: 3, 2: 4, 3: 1, 4: 2}, [2, 2, 1, 1]]",[29]
416,"[{1: 2, 2: 3, 3: 1, 4: 4}, [1, 1, 1, 1], {1: 3, 2: 1, 3: 2, 4: 4}, [1, 1, 2, 2]]",[31]
417,"[{1: 1, 2: 2, 3: 3, 4: 4}, [0, 0, 1, 1], {1: 1, 2: 3, 3: 4, 4: 2}, [0, 1, 0, 2]]",[32]
418,"[{1: 3, 2: 4, 3: 1, 4: 2}, [1, 1, 1, 1], {1: 1, 2: 3, 3: 4, 4: 2}, [2, 1, 0, 0]]",[33]
419,"[{1: 4, 2: 3, 3: 2, 4: 1}, [1, 1, 1, 1], {1: 3, 2: 4, 3: 1, 4: 2}, [1, 0, 1, 1]]","[2, 28]"
420,"[{1: 1, 2: 3, 3: 4, 4: 2}, [0, 0, 1, 1], {1: 4, 2: 3, 3: 2, 4: 1}, [1, 0, 2, 0]]","[3, 24]"
421,"[{1: 2, 2: 4, 3: 3, 4: 1}, [1, 0, 0, 1], {1: 4, 2: 3, 3: 2, 4: 1}, [0, 0, 2, 1]]",[4]
422,"[{1: 1, 2: 2, 3: 3, 4: 4}, [0, 1, 0, 1], {1: 3, 2: 4, 3: 1, 4: 2}, [0, 0, 1, 2]]","[5, 12]"
423,"[{1: 3, 2: 1, 3: 2, 4: 4}, [1, 1, 0, 0], {1: 3, 2: 2, 3: 4, 4: 1}, [2, 1, 2, 1]]",[6]
424,"[{1: 1, 2: 2, 3: 3, 4: 4}, [0, 0, 0, 0], {1: 2, 2: 3, 3: 1, 4: 4}, [0, 0, 0, 0]]","[7, 20]"
425,"[{1: 4, 2: 3, 3: 2, 4: 1}, [0, 1, 0, 1], {1: 2, 2: 3, 3: 1, 4: 4}, [1, 2, 0, 0]]",[8]
426,"[{1: 4, 2: 2, 3: 1, 4: 3}, [1, 0, 0, 1], {1: 3, 2: 2, 3: 4, 4: 1}, [0, 0, 2, 1]]",[9]
427,"[{1: 4, 2: 2, 3: 1, 4: 3}, [0, 0, 1, 1], {1: 1, 2: 2, 3: 3, 4: 4}, [2, 0, 0, 1]]",[11]
428,"[{1: 3, 2: 1, 3: 2, 4: 4}, [1, 0, 0, 1], {1: 1, 2: 2, 3: 3, 4: 4}, [2, 1, 2, 1]]",[12]
429,"[{1: 2, 2: 4, 3: 3, 4: 1}, [1, 1, 0, 0], {1: 4, 2: 1, 3: 3, 4: 2}, [2, 2, 1, 1]]",[14]
430,"[{1: 2, 2: 1, 3: 4, 4: 3}, [1, 1, 1, 1], {1: 1, 2: 4, 3: 2, 4: 3}, [0, 2, 1, 0]]",[15]
431,"[{1: 3, 2: 4, 3: 1, 4: 2}, [1, 0, 1, 0], {1: 1, 2: 4, 3: 2, 4: 3}, [0, 2, 2, 2]]",[16]
432,"[{1: 1, 2: 3, 3: 4, 4: 2}, [1, 0, 0, 1], {1: 4, 2: 1, 3: 3, 4: 2}, [2, 2, 2, 0]]",[17]
433,"[{1: 3, 2: 4, 3: 2, 4: 1}, [0, 0, 1, 1], {1: 1, 2: 3, 3: 2, 4: 4}, [2, 2, 2, 0]]","[18, 10]"
434,"[{1: 4, 2: 2, 3: 1, 4: 3}, [0, 0, 1, 1], {1: 1, 2: 4, 3: 2, 4: 3}, [2, 0, 1, 0]]",[19]
435,"[{1: 3, 2: 4, 3: 1, 4: 2}, [0, 0, 0, 0], {1: 3, 2: 2, 3: 4, 4: 1}, [2, 1, 1, 2]]",[20]
436,"[{1: 1, 2: 2, 3: 3, 4: 4}, [1, 0, 0, 1], {1: 3, 2: 2, 3: 4, 4: 1}, [0, 0, 1, 2]]",[21]
437,"[{1: 2, 2: 4, 3: 3, 4: 1}, [0, 0, 0, 0], {1: 1, 2: 4, 3: 2, 4: 3}, [2, 0, 2, 2]]",[22]
438,"[{1: 2, 2: 1, 3: 4, 4: 3}, [1, 1, 1, 1], {1: 4, 2: 3, 3: 2, 4: 1}, [1, 2, 0, 0]]",[23]
439,"[{1: 2, 2: 4, 3: 3, 4: 1}, [1, 1, 0, 0], {1: 2, 2: 1, 3: 4, 4: 3}, [2, 1, 2, 1]]",[24]
440,"[{1: 4, 2: 3, 3: 2, 4: 1}, [1, 0, 0, 1], {1: 4, 2: 3, 3: 2, 4: 1}, [0, 2, 0, 1]]",[26]
441,"[{1: 1, 2: 3, 3: 4, 4: 2}, [0, 0, 1, 1], {1: 2, 2: 3, 3: 1, 4: 4}, [0, 0, 2, 1]]",[27]
442,"[{1: 4, 2: 3, 3: 2, 4: 1}, [1, 1, 1, 1], {1: 4, 2: 1, 3: 3, 4: 2}, [1, 0, 1, 1]]","[28, 16]"
443,"[{1: 2, 2: 1, 3: 4, 4: 3}, [1, 0, 0, 1], {1: 4, 2: 1, 3: 3, 4: 2}, [1, 0, 2, 0]]",[29]
444,"[{1: 3, 2: 1, 3: 2, 4: 4}, [1, 1, 1, 1], {1: 2, 2: 3, 3: 1, 4: 4}, [1, 2, 2, 1]]",[30]
445,"[{1: 3, 2: 1, 3: 2, 4: 4}, [1, 1, 0, 0], {1: 3, 2: 4, 3: 1, 4: 2}, [1, 2, 2, 1]]","[32, 11]"
446,"[{1: 1, 2: 3, 3: 4, 4: 2}, [0, 0, 0, 0], {1: 3, 2: 4, 3: 1, 4: 2}, [0, 2, 2, 2]]",[33]
447,"[{1: 3, 2: 2, 3: 4, 4: 1}, [1, 0, 0, 1], {1: 1, 2: 2, 3: 3, 4: 4}, [0, 1, 2, 0]]",[2]
448,"[{1: 2, 2: 3, 3: 1, 4: 4}, [0, 0, 1, 1], {1: 1, 2: 2, 3: 3, 4: 4}, [2, 1, 2, 1]]",[5]
449,"[{1: 1, 2: 2, 3: 3, 4: 4}, [0, 0, 0, 0], {1: 4, 2: 1, 3: 3, 4: 2}, [0, 0, 0, 0]]","[6, 27]"
450,"[{1: 2, 2: 3, 3: 1, 4: 4}, [0, 1, 1, 0], {1: 1, 2: 4, 3: 2, 4: 3}, [2, 1, 2, 1]]",[7]
451,"[{1: 3, 2: 2, 3: 4, 4: 1}, [0, 0, 1, 1], {1: 1, 2: 4, 3: 2, 4: 3}, [0, 0, 2, 1]]",[8]
452,"[{1: 2, 2: 1, 3: 4, 4: 3}, [0, 1, 0, 1], {1: 4, 2: 1, 3: 3, 4: 2}, [1, 2, 0, 0]]",[9]
453,"[{1: 4, 2: 1, 3: 3, 4: 2}, [1, 0, 0, 1], {1: 4, 2: 3, 3: 2, 4: 1}, [0, 2, 0, 1]]","[10, 23]"
454,"[{1: 2, 2: 1, 3: 4, 4: 3}, [1, 1, 1, 1], {1: 3, 2: 4, 3: 1, 4: 2}, [0, 2, 2, 2]]","[11, 19]"
455,"[{1: 1, 2: 4, 3: 2, 4: 3}, [0, 0, 1, 1], {1: 4, 2: 3, 3: 2, 4: 1}, [0, 0, 2, 1]]",[13]
456,"[{1: 4, 2: 3, 3: 2, 4: 1}, [1, 1, 1, 1], {1: 3, 2: 2, 3: 4, 4: 1}, [1, 0, 0, 2]]",[14]
457,"[{1: 1, 2: 4, 3: 2, 4: 3}, [0, 1, 1, 0], {1: 2, 2: 3, 3: 1, 4: 4}, [1, 1, 2, 2]]",[15]
458,"[{1: 4, 2: 1, 3: 3, 4: 2}, [0, 0, 1, 1], {1: 2, 2: 3, 3: 1, 4: 4}, [1, 1, 0, 1]]",[16]
459,"[{1: 3, 2: 4, 3: 1, 4: 2}, [1, 0, 1, 0], {1: 3, 2: 2, 3: 4, 4: 1}, [1, 0, 1, 1]]",[17]
460,"[{1: 4, 2: 2, 3: 3, 4: 1}, [0, 1, 1, 0], {1: 2, 2: 4, 3: 1, 4: 3}, [0, 1, 1, 1]]","[18, 11]"
461,"[{1: 2, 2: 1, 3: 4, 4: 3}, [1, 1, 1, 1], {1: 2, 2: 3, 3: 1, 4: 4}, [0, 2, 2, 2]]","[19, 17]"
462,"[{1: 4, 2: 1, 3: 3, 4: 2}, [1, 0, 0, 1], {1: 4, 2: 1, 3: 3, 4: 2}, [0, 0, 2, 1]]",[20]
463,"[{1: 2, 2: 3, 3: 1, 4: 4}, [1, 1, 1, 1], {1: 4, 2: 1, 3: 3, 4: 2}, [1, 2, 2, 1]]",[21]
464,"[{1: 4, 2: 3, 3: 2, 4: 1}, [0, 0, 1, 1], {1: 2, 2: 3, 3: 1, 4: 4}, [0, 2, 0, 1]]",[22]
465,"[{1: 1, 2: 4, 3: 2, 4: 3}, [0, 1, 1, 0], {1: 2, 2: 1, 3: 4, 4: 3}, [2, 1, 2, 1]]",[23]
466,"[{1: 4, 2: 3, 3: 2, 4: 1}, [1, 1, 1, 1], {1: 4, 2: 3, 3: 2, 4: 1}, [1, 2, 0, 0]]",[24]
467,"[{1: 2, 2: 1, 3: 4, 4: 3}, [0, 0, 1, 1], {1: 4, 2: 3, 3: 2, 4: 1}, [1, 0, 2, 0]]",[25]
468,"[{1: 3, 2: 4, 3: 1, 4: 2}, [0, 0, 0, 0], {1: 1, 2: 4, 3: 2, 4: 3}, [2, 1, 1, 2]]",[27]
469,"[{1: 3, 2: 2, 3: 4, 4: 1}, [1, 0, 0, 1], {1: 3, 2: 2, 3: 4, 4: 1}, [0, 1, 0, 2]]",[28]
470,"[{1: 1, 2: 4, 3: 2, 4: 3}, [0, 0, 0, 0], {1: 3, 2: 2, 3: 4, 4: 1}, [0, 1, 1, 1]]",[29]
471,"[{1: 1, 2: 2, 3: 3, 4: 4}, [0, 0, 1, 1], {1: 1, 2: 4, 3: 2, 4: 3}, [0, 0, 1, 2]]",[30]
472,"[{1: 2, 2: 3, 3: 1, 4: 4}, [0, 1, 1, 0], {1: 3, 2: 4, 3: 1, 4: 2}, [1, 2, 2, 1]]","[31, 2]"
473,"[{1: 3, 2: 4, 3: 1, 4: 2}, [0, 0, 1, 1], {1: 1, 2: 2, 3: 3, 4: 4}, [2, 0, 0, 1]]",[33]
474,"[{1: 4, 2: 1, 3: 3, 4: 2}, [1, 1, 1, 1], {1: 1, 2: 2, 3: 3, 4: 4}, [1, 1, 2, 2]]",[2]
475,"[{1: 1, 2: 2, 3: 3, 4: 4}, [0, 0, 1, 1], {1: 2, 2: 1, 3: 4, 4: 3}, [2, 0, 0, 1]]",[3]
476,"[{1: 2, 2: 1, 3: 4, 4: 3}, [1, 0, 0, 1], {1: 2, 2: 1, 3: 4, 4: 3}, [1, 0, 0, 2]]","[4, 25]"
477,"[{1: 1, 2: 4, 3: 2, 4: 3}, [0, 1, 0, 1], {1: 1, 2: 2, 3: 3, 4: 4}, [0, 1, 2, 0]]",[5]
478,"[{1: 3, 2: 4, 3: 1, 4: 2}, [1, 1, 0, 0], {1: 4, 2: 1, 3: 3, 4: 2}, [0, 2, 0, 1]]",[6]
479,"[{1: 1, 2: 4, 3: 2, 4: 3}, [0, 0, 0, 0], {1: 1, 2: 4, 3: 2, 4: 3}, [0, 1, 1, 1]]",[7]
480,"[{1: 4, 2: 1, 3: 3, 4: 2}, [0, 1, 0, 1], {1: 1, 2: 4, 3: 2, 4: 3}, [1, 0, 1, 1]]",[8]
481,"[{1: 4, 2: 3, 3: 2, 4: 1}, [1, 0, 0, 1], {1: 4, 2: 1, 3: 3, 4: 2}, [1, 1, 0, 1]]",[9]
482,"[{1: 3, 2: 2, 3: 4, 4: 1}, [0, 0, 0, 0], {1: 4, 2: 3, 3: 2, 4: 1}, [2, 2, 0, 2]]",[10]
483,"[{1: 3, 2: 4, 3: 1, 4: 2}, [1, 0, 0, 1], {1: 3, 2: 4, 3: 1, 4: 2}, [0, 2, 2, 2]]",[12]
484,"[{1: 2, 2: 3, 3: 1, 4: 4}, [1, 0, 1, 0], {1: 4, 2: 3, 3: 2, 4: 1}, [2, 0, 2, 2]]",[13]
485,"[{1: 2, 2: 1, 3: 4, 4: 3}, [1, 1, 0, 0], {1: 3, 2: 2, 3: 4, 4: 1}, [0, 0, 1, 2]]",[14]
486,"[{1: 2, 2: 3, 3: 1, 4: 4}, [1, 1, 1, 1], {1: 2, 2: 3, 3: 1, 4: 4}, [1, 2, 2, 1]]",[15]
487,"[{1: 1, 2: 2, 3: 3, 4: 4}, [1, 0, 0, 1], {1: 3, 2: 2, 3: 4, 4: 1}, [0, 0, 2, 1]]",[17]
488,"[{1: 3, 2: 1, 3: 4, 4: 2}, [0, 0, 1, 1], {1: 2, 2: 4, 3: 1, 4: 3}, [0, 2, 0, 1]]","[18, 12]"
489,"[{1: 4, 2: 3, 3: 2, 4: 1}, [0, 0, 1, 1], {1: 2, 2: 3, 3: 1, 4: 4}, [0, 0, 2, 1]]",[19]
490,"[{1: 3, 2: 2, 3: 4, 4: 1}, [0, 0, 0, 0], {1: 4, 2: 1, 3: 3, 4: 2}, [0, 2, 2, 2]]",[20]
491,"[{1: 1, 2: 4, 3: 2, 4: 3}, [1, 0, 0, 1], {1: 4, 2: 1, 3: 3, 4: 2}, [1, 1, 2, 2]]",[21]
492,"[{1: 2, 2: 1, 3: 4, 4: 3}, [0, 0, 0, 0], {1: 2, 2: 3, 3: 1, 4: 4}, [0, 0, 0, 0]]",[22]
493,"[{1: 2, 2: 3, 3: 1, 4: 4}, [1, 1, 1, 1], {1: 2, 2: 1, 3: 4, 4: 3}, [2, 2, 1, 1]]",[23]
494,"[{1: 2, 2: 1, 3: 4, 4: 3}, [1, 1, 0, 0], {1: 4, 2: 3, 3: 2, 4: 1}, [0, 2, 0, 1]]",[24]
495,"[{1: 4, 2: 3, 3: 2, 4: 1}, [1, 1, 1, 1], {1: 4, 2: 3, 3: 2, 4: 1}, [0, 0, 2, 1]]","[25, 3]"
496,"[{1: 4, 2: 1, 3: 3, 4: 2}, [1, 0, 0, 1], {1: 2, 2: 1, 3: 4, 4: 3}, [1, 2, 1, 2]]","[26, 2]"
497,"[{1: 1, 2: 2, 3: 3, 4: 4}, [0, 0, 1, 1], {1: 1, 2: 4, 3: 2, 4: 3}, [0, 1, 0, 2]]",[27]
498,"[{1: 4, 2: 1, 3: 3, 4: 2}, [1, 1, 1, 1], {1: 3, 2: 2, 3: 4, 4: 1}, [2, 1, 1, 2]]",[28]
499,"[{1: 2, 2: 3, 3: 1, 4: 4}, [1, 0, 0, 1], {1: 3, 2: 2, 3: 4, 4: 1}, [2, 1, 2, 1]]",[29]
500,"[{1: 3, 2: 4, 3: 1, 4: 2}, [1, 1, 1, 1], {1: 1, 2: 4, 3: 2, 4: 3}, [1, 0, 0, 2]]",[30]
501,"[{1: 1, 2: 4, 3: 2, 4: 3}, [0, 0, 0, 0], {1: 3, 2: 4, 3: 1, 4: 2}, [1, 1, 0, 1]]",[31]
502,"[{1: 3, 2: 4, 3: 1, 4: 2}, [1, 1, 0, 0], {1: 1, 2: 2, 3: 3, 4: 4}, [1, 0, 0, 2]]",[32]
503,"[{1: 4, 2: 2, 3: 1, 4: 3}, [0, 0, 0, 0], {1: 4, 2: 3, 3: 2, 4: 1}, [1, 1, 1, 0]]",[3]
504,"[{1: 3, 2: 1, 3: 2, 4: 4}, [1, 0, 1, 0], {1: 4, 2: 3, 3: 2, 4: 1}, [0, 1, 1, 1]]",[4]
505,"[{1: 3, 2: 4, 3: 1, 4: 2}, [0, 0, 1, 1], {1: 3, 2: 4, 3: 1, 4: 2}, [1, 0, 1, 1]]",[5]
506,"[{1: 2, 2: 4, 3: 3, 4: 1}, [0, 0, 0, 0], {1: 3, 2: 2, 3: 4, 4: 1}, [2, 0, 2, 2]]",[6]
507,"[{1: 3, 2: 4, 3: 1, 4: 2}, [0, 1, 1, 0], {1: 2, 2: 3, 3: 1, 4: 4}, [1, 0, 2, 0]]",[7]
508,"[{1: 2, 2: 1, 3: 4, 4: 3}, [0, 0, 1, 1], {1: 2, 2: 3, 3: 1, 4: 4}, [2, 2, 2, 0]]",[8]
509,"[{1: 1, 2: 3, 3: 4, 4: 2}, [0, 1, 0, 1], {1: 3, 2: 2, 3: 4, 4: 1}, [0, 2, 2, 2]]",[9]
510,"[{1: 1, 2: 2, 3: 3, 4: 4}, [1, 0, 0, 1], {1: 2, 2: 1, 3: 4, 4: 3}, [0, 1, 2, 0]]",[10]
511,"[{1: 1, 2: 3, 3: 4, 4: 2}, [1, 1, 1, 1], {1: 1, 2: 2, 3: 3, 4: 4}, [2, 2, 1, 1]]",[11]
512,"[{1: 2, 2: 4, 3: 3, 4: 1}, [0, 1, 0, 1], {1: 1, 2: 2, 3: 3, 4: 4}, [2, 0, 0, 1]]",[12]
513,"[{1: 4, 2: 3, 3: 2, 4: 1}, [0, 0, 1, 1], {1: 2, 2: 1, 3: 4, 4: 3}, [0, 2, 1, 0]]","[13, 26]"
514,"[{1: 3, 2: 1, 3: 2, 4: 4}, [1, 1, 1, 1], {1: 4, 2: 1, 3: 3, 4: 2}, [1, 2, 2, 1]]",[14]
515,"[{1: 4, 2: 3, 3: 2, 4: 1}, [0, 1, 1, 0], {1: 1, 2: 4, 3: 2, 4: 3}, [0, 0, 1, 2]]",[15]
516,"[{1: 1, 2: 2, 3: 3, 4: 4}, [0, 0, 1, 1], {1: 1, 2: 4, 3: 2, 4: 3}, [0, 0, 2, 1]]",[16]
517,"[{1: 4, 2: 2, 3: 1, 4: 3}, [1, 0, 1, 0], {1: 4, 2: 1, 3: 3, 4: 2}, [1, 2, 0, 0]]",[17]
518,"[{1: 2, 2: 1, 3: 3, 4: 4}, [0, 1, 1, 0], {1: 1, 2: 3, 3: 2, 4: 4}, [2, 0, 1, 0]]","[18, 13]"
519,"[{1: 1, 2: 3, 3: 4, 4: 2}, [1, 1, 1, 1], {1: 1, 2: 4, 3: 2, 4: 3}, [2, 1, 1, 2]]",[19]
520,"[{1: 1, 2: 2, 3: 3, 4: 4}, [1, 0, 0, 1], {1: 3, 2: 2, 3: 4, 4: 1}, [2, 0, 1, 0]]",[20]
521,"[{1: 3, 2: 4, 3: 1, 4: 2}, [1, 1, 1, 1], {1: 3, 2: 2, 3: 4, 4: 1}, [0, 2, 1, 0]]",[21]
522,"[{1: 3, 2: 1, 3: 2, 4: 4}, [0, 0, 1, 1], {1: 1, 2: 4, 3: 2, 4: 3}, [2, 1, 2, 1]]",[22]
523,"[{1: 4, 2: 3, 3: 2, 4: 1}, [0, 1, 1, 0], {1: 4, 2: 3, 3: 2, 4: 1}, [1, 0, 2, 0]]",[23]
524,"[{1: 1, 2: 3, 3: 4, 4: 2}, [0, 0, 1, 1], {1: 2, 2: 1, 3: 4, 4: 3}, [1, 2, 1, 2]]","[25, 11]"
525,"[{1: 2, 2: 1, 3: 4, 4: 3}, [1, 1, 1, 1], {1: 4, 2: 3, 3: 2, 4: 1}, [0, 0, 2, 1]]","[26, 10]"
526,"[{1: 4, 2: 2, 3: 1, 4: 3}, [0, 0, 0, 0], {1: 2, 2: 3, 3: 1, 4: 4}, [1, 0, 1, 1]]",[27]
527,"[{1: 2, 2: 1, 3: 4, 4: 3}, [1, 0, 0, 1], {1: 4, 2: 1, 3: 3, 4: 2}, [0, 0, 2, 1]]",[28]
528,"[{1: 4, 2: 3, 3: 2, 4: 1}, [0, 0, 0, 0], {1: 4, 2: 1, 3: 3, 4: 2}, [0, 0, 0, 0]]",[29]
529,"[{1: 2, 2: 4, 3: 3, 4: 1}, [0, 0, 1, 1], {1: 2, 2: 3, 3: 1, 4: 4}, [2, 2, 1, 1]]",[30]
530,"[{1: 3, 2: 4, 3: 1, 4: 2}, [0, 1, 1, 0], {1: 1, 2: 2, 3: 3, 4: 4}, [0, 2, 1, 0]]",[31]
531,"[{1: 2, 2: 4, 3: 3, 4: 1}, [0, 0, 0, 0], {1: 3, 2: 4, 3: 1, 4: 2}, [2, 2, 2, 0]]",[32]
532,"[{1: 4, 2: 2, 3: 1, 4: 3}, [0, 0, 1, 1], {1: 3, 2: 4, 3: 1, 4: 2}, [1, 2, 2, 1]]",[33]
533,"[{1: 4, 2: 2, 3: 3, 4: 1}, [0, 1, 1, 0], {1: 4, 2: 3, 3: 1, 4: 2}, [0, 1, 1, 1]]","[19, 18]"
534,"[{1: 3, 2: 4, 3: 2, 4: 1}, [0, 0, 1, 1], {1: 2, 2: 1, 3: 3, 4: 4}, [2, 2, 2, 0]]","[20, 18]"
535,"[{1: 1, 2: 2, 3: 4, 4: 3}, [0, 1, 0, 1], {1: 2, 2: 1, 3: 3, 4: 4}, [0, 1, 2, 0]]","[21, 18]"
536,"[{1: 2, 2: 4, 3: 1, 4: 3}, [0, 1, 0, 1], {1: 4, 2: 3, 3: 1, 4: 2}, [0, 1, 2, 0]]","[22, 18]"
537,"[{1: 2, 2: 1, 3: 3, 4: 4}, [0, 0, 1, 1], {1: 3, 2: 1, 3: 4, 4: 2}, [1, 0, 1, 1]]","[23, 18]"
538,"[{1: 2, 2: 4, 3: 1, 4: 3}, [1, 0, 0, 1], {1: 1, 2: 3, 3: 2, 4: 4}, [0, 2, 2, 2]]","[24, 18]"
539,"[{1: 4, 2: 2, 3: 3, 4: 1}, [1, 0, 1, 0], {1: 1, 2: 3, 3: 2, 4: 4}, [0, 0, 1, 2]]","[25, 18]"
540,"[{1: 4, 2: 3, 3: 1, 4: 2}, [1, 0, 1, 0], {1: 3, 2: 1, 3: 4, 4: 2}, [0, 0, 1, 2]]","[26, 18]"
541,"[{1: 1, 2: 3, 3: 2, 4: 4}, [1, 0, 0, 1], {1: 3, 2: 4, 3: 2, 4: 1}, [1, 1, 0, 1]]","[27, 18]"
542,"[{1: 4, 2: 3, 3: 1, 4: 2}, [1, 1, 0, 0], {1: 1, 2: 2, 3: 4, 4: 3}, [2, 0, 2, 2]]","[28, 18]"
543,"[{1: 2, 2: 1, 3: 3, 4: 4}, [0, 1, 0, 1], {1: 1, 2: 2, 3: 4, 4: 3}, [2, 0, 0, 1]]","[29, 18]"
544,"[{1: 3, 2: 1, 3: 4, 4: 2}, [0, 1, 0, 1], {1: 3, 2: 4, 3: 2, 4: 1}, [2, 0, 0, 1]]",[30]
545,"[{1: 1, 2: 2, 3: 4, 4: 3}, [1, 1, 0, 0], {1: 2, 2: 4, 3: 1, 4: 3}, [1, 1, 1, 0]]","[31, 18]"
546,"[{1: 3, 2: 1, 3: 4, 4: 2}, [0, 1, 1, 0], {1: 4, 2: 2, 3: 3, 4: 1}, [2, 2, 0, 2]]","[32, 18]"
547,"[{1: 1, 2: 3, 3: 2, 4: 4}, [1, 0, 1, 0], {1: 4, 2: 2, 3: 3, 4: 1}, [1, 2, 0, 0]]","[33, 18]"
548,"[{1: 1, 2: 3, 3: 4, 4: 2}, [0, 1, 1, 0], {1: 2, 2: 1, 3: 4, 4: 3}, [0, 2, 1, 0]]",[4]
549,"[{1: 4, 2: 3, 3: 2, 4: 1}, [1, 0, 1, 0], {1: 1, 2: 2, 3: 3, 4: 4}, [2, 0, 0, 1]]",[5]
550,"[{1: 4, 2: 2, 3: 1, 4: 3}, [0, 0, 1, 1], {1: 4, 2: 1, 3: 3, 4: 2}, [2, 0, 1, 0]]",[6]
551,"[{1: 4, 2: 3, 3: 2, 4: 1}, [1, 1, 1, 1], {1: 1, 2: 4, 3: 2, 4: 3}, [2, 2, 2, 0]]",[7]
552,"[{1: 1, 2: 2, 3: 3, 4: 4}, [1, 0, 1, 0], {1: 1, 2: 4, 3: 2, 4: 3}, [0, 1, 2, 0]]",[8]
553,"[{1: 3, 2: 1, 3: 2, 4: 4}, [0, 1, 1, 0], {1: 4, 2: 1, 3: 3, 4: 2}, [0, 2, 1, 0]]",[9]
554,"[{1: 4, 2: 2, 3: 1, 4: 3}, [0, 1, 1, 0], {1: 3, 2: 4, 3: 1, 4: 2}, [1, 0, 1, 1]]",[12]
555,"[{1: 3, 2: 4, 3: 1, 4: 2}, [0, 1, 0, 1], {1: 4, 2: 3, 3: 2, 4: 1}, [0, 1, 1, 1]]","[13, 3]"
556,"[{1: 1, 2: 3, 3: 4, 4: 2}, [0, 0, 1, 1], {1: 3, 2: 2, 3: 4, 4: 1}, [1, 2, 0, 0]]",[14]
557,"[{1: 3, 2: 4, 3: 1, 4: 2}, [0, 0, 0, 0], {1: 2, 2: 3, 3: 1, 4: 4}, [2, 1, 1, 2]]",[15]
558,"[{1: 2, 2: 1, 3: 4, 4: 3}, [0, 1, 0, 1], {1: 2, 2: 3, 3: 1, 4: 4}, [2, 1, 2, 1]]",[16]
559,"[{1: 2, 2: 4, 3: 3, 4: 1}, [0, 1, 1, 0], {1: 3, 2: 2, 3: 4, 4: 1}, [1, 2, 1, 2]]",[17]
560,"[{1: 3, 2: 1, 3: 2, 4: 4}, [1, 1, 0, 0], {1: 2, 2: 3, 3: 1, 4: 4}, [1, 2, 1, 2]]",[19]
561,"[{1: 2, 2: 1, 3: 4, 4: 3}, [1, 1, 1, 1], {1: 4, 2: 1, 3: 3, 4: 2}, [2, 0, 0, 1]]",[20]
562,"[{1: 4, 2: 3, 3: 2, 4: 1}, [0, 1, 1, 0], {1: 4, 2: 1, 3: 3, 4: 2}, [0, 2, 0, 1]]",[21]
563,"[{1: 1, 2: 3, 3: 4, 4: 2}, [1, 1, 1, 1], {1: 2, 2: 3, 3: 1, 4: 4}, [1, 2, 2, 1]]",[22]
564,"[{1: 3, 2: 1, 3: 2, 4: 4}, [0, 0, 0, 0], {1: 4, 2: 3, 3: 2, 4: 1}, [1, 1, 1, 0]]",[25]
565,"[{1: 1, 2: 2, 3: 3, 4: 4}, [0, 1, 1, 0], {1: 2, 2: 1, 3: 4, 4: 3}, [0, 1, 2, 0]]",[26]
566,"[{1: 2, 2: 4, 3: 3, 4: 1}, [1, 1, 0, 0], {1: 1, 2: 4, 3: 2, 4: 3}, [2, 2, 1, 1]]",[27]
567,"[{1: 3, 2: 4, 3: 1, 4: 2}, [0, 1, 1, 0], {1: 3, 2: 2, 3: 4, 4: 1}, [0, 0, 1, 2]]",[29]
568,"[{1: 4, 2: 2, 3: 1, 4: 3}, [0, 0, 0, 0], {1: 1, 2: 4, 3: 2, 4: 3}, [0, 1, 1, 1]]",[30]
569,"[{1: 4, 2: 2, 3: 1, 4: 3}, [0, 0, 1, 1], {1: 1, 2: 2, 3: 3, 4: 4}, [0, 2, 1, 0]]",[32]
570,"[{1: 2, 2: 4, 3: 3, 4: 1}, [1, 1, 1, 1], {1: 1, 2: 2, 3: 3, 4: 4}, [2, 2, 1, 1]]",[33]
571,"[{1: 2, 2: 1, 3: 4, 4: 3}, [1, 0, 1, 0], {1: 1, 2: 2, 3: 3, 4: 4}, [2, 0, 0, 1]]",[4]
572,"[{1: 1, 2: 4, 3: 2, 4: 3}, [0, 0, 1, 1], {1: 2, 2: 1, 3: 4, 4: 3}, [0, 2, 1, 0]]",[5]
573,"[{1: 3, 2: 4, 3: 1, 4: 2}, [0, 0, 0, 0], {1: 1, 2: 4, 3: 2, 4: 3}, [1, 2, 2, 1]]",[6]
574,"[{1: 1, 2: 4, 3: 2, 4: 3}, [0, 1, 1, 0], {1: 4, 2: 1, 3: 3, 4: 2}, [0, 0, 1, 2]]",[7]
575,"[{1: 4, 2: 1, 3: 3, 4: 2}, [0, 0, 1, 1], {1: 4, 2: 1, 3: 3, 4: 2}, [1, 2, 1, 2]]",[8]
576,"[{1: 4, 2: 3, 3: 2, 4: 1}, [0, 1, 0, 1], {1: 1, 2: 4, 3: 2, 4: 3}, [2, 1, 2, 1]]",[9]
577,"[{1: 3, 2: 4, 3: 1, 4: 2}, [0, 1, 0, 1], {1: 4, 2: 3, 3: 2, 4: 1}, [2, 2, 2, 0]]","[12, 2]"
578,"[{1: 2, 2: 3, 3: 1, 4: 4}, [0, 0, 1, 1], {1: 3, 2: 4, 3: 1, 4: 2}, [2, 2, 0, 2]]",[13]
579,"[{1: 2, 2: 1, 3: 4, 4: 3}, [1, 1, 1, 1], {1: 2, 2: 3, 3: 1, 4: 4}, [0, 1, 1, 1]]",[14]
580,"[{1: 2, 2: 3, 3: 1, 4: 4}, [0, 1, 1, 0], {1: 3, 2: 2, 3: 4, 4: 1}, [0, 2, 0, 1]]",[15]
581,"[{1: 3, 2: 2, 3: 4, 4: 1}, [0, 0, 1, 1], {1: 3, 2: 2, 3: 4, 4: 1}, [0, 2, 1, 0]]",[16]
582,"[{1: 1, 2: 2, 3: 3, 4: 4}, [1, 0, 1, 0], {1: 2, 2: 3, 3: 1, 4: 4}, [0, 1, 2, 0]]",[17]
583,"[{1: 4, 2: 3, 3: 2, 4: 1}, [1, 1, 1, 1], {1: 3, 2: 2, 3: 4, 4: 1}, [2, 0, 0, 1]]",[19]
584,"[{1: 3, 2: 2, 3: 4, 4: 1}, [1, 0, 0, 1], {1: 1, 2: 4, 3: 2, 4: 3}, [1, 2, 1, 2]]",[20]
585,"[{1: 1, 2: 4, 3: 2, 4: 3}, [1, 1, 1, 1], {1: 1, 2: 4, 3: 2, 4: 3}, [2, 1, 1, 2]]",[21]
586,"[{1: 2, 2: 1, 3: 4, 4: 3}, [0, 0, 1, 1], {1: 3, 2: 2, 3: 4, 4: 1}, [2, 0, 1, 0]]",[22]
587,"[{1: 2, 2: 3, 3: 1, 4: 4}, [0, 1, 1, 0], {1: 1, 2: 2, 3: 3, 4: 4}, [0, 2, 1, 0]]",[23]
588,"[{1: 4, 2: 3, 3: 2, 4: 1}, [0, 0, 1, 1], {1: 3, 2: 4, 3: 1, 4: 2}, [0, 2, 0, 1]]","[25, 22]"
589,"[{1: 4, 2: 1, 3: 3, 4: 2}, [1, 1, 1, 1], {1: 1, 2: 2, 3: 3, 4: 4}, [2, 2, 1, 1]]",[26]
590,"[{1: 4, 2: 1, 3: 3, 4: 2}, [1, 0, 0, 1], {1: 2, 2: 3, 3: 1, 4: 4}, [2, 2, 1, 1]]",[28]
591,"[{1: 2, 2: 3, 3: 1, 4: 4}, [0, 0, 0, 0], {1: 2, 2: 3, 3: 1, 4: 4}, [2, 2, 2, 0]]",[29]
592,"[{1: 3, 2: 4, 3: 1, 4: 2}, [0, 0, 1, 1], {1: 4, 2: 1, 3: 3, 4: 2}, [1, 2, 0, 0]]",[30]
593,"[{1: 1, 2: 2, 3: 3, 4: 4}, [0, 0, 1, 1], {1: 2, 2: 1, 3: 4, 4: 3}, [0, 1, 2, 0]]",[33]
594,"[{1: 1, 2: 4, 3: 2, 4: 3}, [0, 1, 0, 1], {1: 2, 2: 1, 3: 4, 4: 3}, [1, 0, 0, 2]]",[2]
595,"[{1: 2, 2: 1, 3: 4, 4: 3}, [0, 1, 0, 1], {1: 1, 2: 2, 3: 3, 4: 4}, [1, 0, 0, 2]]",[3]
596,"[{1: 4, 2: 1, 3: 3, 4: 2}, [0, 0, 0, 0], {1: 2, 2: 1, 3: 4, 4: 3}, [0, 0, 0, 0]]",[5]
597,"[{1: 4, 2: 3, 3: 2, 4: 1}, [0, 1, 0, 1], {1: 1, 2: 4, 3: 2, 4: 3}, [2, 2, 1, 1]]",[6]
598,"[{1: 4, 2: 1, 3: 3, 4: 2}, [0, 1, 0, 1], {1: 4, 2: 1, 3: 3, 4: 2}, [0, 2, 1, 0]]",[7]
599,"[{1: 1, 2: 4, 3: 2, 4: 3}, [1, 1, 1, 1], {1: 4, 2: 1, 3: 3, 4: 2}, [1, 1, 1, 0]]",[8]
600,"[{1: 3, 2: 4, 3: 1, 4: 2}, [1, 1, 1, 1], {1: 1, 2: 4, 3: 2, 4: 3}, [0, 1, 1, 1]]",[9]
601,"[{1: 2, 2: 3, 3: 1, 4: 4}, [0, 1, 0, 1], {1: 3, 2: 4, 3: 1, 4: 2}, [2, 0, 2, 2]]",[10]
602,"[{1: 3, 2: 4, 3: 1, 4: 2}, [0, 1, 0, 1], {1: 4, 2: 3, 3: 2, 4: 1}, [1, 1, 0, 1]]","[11, 5]"
603,"[{1: 4, 2: 3, 3: 2, 4: 1}, [0, 0, 0, 0], {1: 4, 2: 3, 3: 2, 4: 1}, [1, 2, 2, 1]]",[12]
604,"[{1: 3, 2: 2, 3: 4, 4: 1}, [0, 0, 0, 0], {1: 3, 2: 4, 3: 1, 4: 2}, [2, 1, 1, 2]]",[13]
605,"[{1: 1, 2: 2, 3: 3, 4: 4}, [0, 1, 0, 1], {1: 2, 2: 3, 3: 1, 4: 4}, [0, 2, 1, 0]]",[14]
606,"[{1: 3, 2: 2, 3: 4, 4: 1}, [0, 1, 0, 1], {1: 3, 2: 2, 3: 4, 4: 1}, [2, 2, 1, 1]]",[15]
607,"[{1: 2, 2: 3, 3: 1, 4: 4}, [1, 1, 1, 1], {1: 3, 2: 2, 3: 4, 4: 1}, [2, 2, 2, 0]]",[16]
608,"[{1: 3, 2: 4, 3: 1, 4: 2}, [0, 1, 0, 1], {1: 3, 2: 2, 3: 4, 4: 1}, [1, 0, 1, 1]]",[19]
609,"[{1: 2, 2: 3, 3: 1, 4: 4}, [0, 1, 0, 1], {1: 1, 2: 4, 3: 2, 4: 3}, [2, 2, 0, 2]]",[20]
610,"[{1: 1, 2: 2, 3: 3, 4: 4}, [1, 0, 0, 1], {1: 3, 2: 2, 3: 4, 4: 1}, [1, 0, 2, 0]]",[22]
611,"[{1: 3, 2: 2, 3: 4, 4: 1}, [0, 1, 0, 1], {1: 1, 2: 2, 3: 3, 4: 4}, [1, 2, 1, 2]]",[23]
612,"[{1: 1, 2: 2, 3: 3, 4: 4}, [0, 1, 0, 1], {1: 3, 2: 4, 3: 1, 4: 2}, [0, 0, 2, 1]]","[24, 23]"
613,"[{1: 3, 2: 4, 3: 1, 4: 2}, [1, 0, 0, 1], {1: 3, 2: 4, 3: 1, 4: 2}, [0, 1, 1, 1]]",[25]
614,"[{1: 1, 2: 4, 3: 2, 4: 3}, [0, 0, 1, 1], {1: 1, 2: 2, 3: 3, 4: 4}, [0, 2, 1, 0]]",[26]
615,"[{1: 2, 2: 1, 3: 4, 4: 3}, [0, 1, 0, 1], {1: 4, 2: 1, 3: 3, 4: 2}, [0, 2, 0, 1]]",[27]
616,"[{1: 1, 2: 4, 3: 2, 4: 3}, [0, 1, 0, 1], {1: 2, 2: 3, 3: 1, 4: 4}, [2, 0, 1, 0]]",[28]
617,"[{1: 3, 2: 2, 3: 4, 4: 1}, [0, 0, 1, 1], {1: 2, 2: 3, 3: 1, 4: 4}, [2, 0, 2, 2]]",[29]
618,"[{1: 4, 2: 3, 3: 2, 4: 1}, [0, 1, 1, 0], {1: 4, 2: 1, 3: 3, 4: 2}, [1, 1, 0, 1]]",[30]
619,"[{1: 4, 2: 1, 3: 3, 4: 2}, [0, 1, 0, 1], {1: 4, 2: 3, 3: 2, 4: 1}, [2, 1, 0, 0]]",[31]
620,"[{1: 4, 2: 3, 3: 2, 4: 1}, [0, 1, 0, 1], {1: 2, 2: 1, 3: 4, 4: 3}, [1, 2, 1, 2]]","[32, 24]"
621,"[{1: 4, 2: 3, 3: 2, 4: 1}, [0, 1, 0, 1], {1: 1, 2: 2, 3: 3, 4: 4}, [1, 0, 0, 2]]",[2]
622,"[{1: 1, 2: 3, 3: 4, 4: 2}, [0, 1, 0, 1], {1: 2, 2: 1, 3: 4, 4: 3}, [1, 0, 0, 2]]",[3]
623,"[{1: 2, 2: 4, 3: 3, 4: 1}, [0, 0, 0, 0], {1: 2, 2: 1, 3: 4, 4: 3}, [0, 0, 0, 0]]",[4]
624,"[{1: 3, 2: 1, 3: 2, 4: 4}, [0, 1, 0, 1], {1: 4, 2: 1, 3: 3, 4: 2}, [2, 2, 1, 1]]",[6]
625,"[{1: 1, 2: 2, 3: 3, 4: 4}, [0, 1, 0, 1], {1: 1, 2: 4, 3: 2, 4: 3}, [0, 2, 1, 0]]",[7]
626,"[{1: 4, 2: 2, 3: 1, 4: 3}, [1, 1, 1, 1], {1: 4, 2: 1, 3: 3, 4: 2}, [0, 1, 1, 1]]",[9]
627,"[{1: 3, 2: 4, 3: 1, 4: 2}, [0, 1, 0, 1], {1: 4, 2: 3, 3: 2, 4: 1}, [2, 0, 2, 2]]","[10, 4]"
628,"[{1: 4, 2: 2, 3: 1, 4: 3}, [0, 1, 0, 1], {1: 3, 2: 4, 3: 1, 4: 2}, [1, 1, 0, 1]]",[11]
629,"[{1: 3, 2: 1, 3: 2, 4: 4}, [0, 0, 0, 0], {1: 3, 2: 4, 3: 1, 4: 2}, [1, 2, 2, 1]]",[12]
630,"[{1: 2, 2: 1, 3: 4, 4: 3}, [0, 0, 0, 0], {1: 4, 2: 3, 3: 2, 4: 1}, [2, 1, 1, 2]]",[13]
631,"[{1: 2, 2: 4, 3: 3, 4: 1}, [0, 1, 0, 1], {1: 3, 2: 2, 3: 4, 4: 1}, [0, 2, 1, 0]]",[14]
632,"[{1: 2, 2: 1, 3: 4, 4: 3}, [0, 1, 0, 1], {1: 2, 2: 3, 3: 1, 4: 4}, [2, 2, 1, 1]]",[15]
633,"[{1: 3, 2: 4, 3: 1, 4: 2}, [1, 1, 1, 1], {1: 2, 2: 3, 3: 1, 4: 4}, [2, 2, 2, 0]]",[16]
634,"[{1: 1, 2: 3, 3: 4, 4: 2}, [1, 1, 1, 1], {1: 3, 2: 2, 3: 4, 4: 1}, [0, 2, 2, 2]]",[17]
635,"[{1: 3, 2: 4, 3: 2, 4: 1}, [1, 0, 1, 0], {1: 2, 2: 4, 3: 1, 4: 3}, [1, 2, 0, 0]]",[18]
636,"[{1: 4, 2: 2, 3: 1, 4: 3}, [0, 1, 0, 1], {1: 2, 2: 3, 3: 1, 4: 4}, [1, 0, 1, 1]]",[19]
637,"[{1: 3, 2: 4, 3: 1, 4: 2}, [0, 1, 0, 1], {1: 4, 2: 1, 3: 3, 4: 2}, [2, 2, 0, 2]]",[20]
638,"[{1: 1, 2: 2, 3: 3, 4: 4}, [1, 1, 0, 0], {1: 4, 2: 1, 3: 3, 4: 2}, [0, 1, 0, 2]]",[21]
639,"[{1: 2, 2: 1, 3: 4, 4: 3}, [0, 1, 0, 1], {1: 2, 2: 1, 3: 4, 4: 3}, [1, 2, 1, 2]]","[23, 31]"
640,"[{1: 2, 2: 4, 3: 3, 4: 1}, [0, 1, 0, 1], {1: 4, 2: 3, 3: 2, 4: 1}, [0, 0, 2, 1]]",[24]
641,"[{1: 4, 2: 2, 3: 1, 4: 3}, [1, 0, 0, 1], {1: 4, 2: 3, 3: 2, 4: 1}, [0, 1, 1, 1]]",[25]
642,"[{1: 1, 2: 3, 3: 4, 4: 2}, [0, 1, 0, 1], {1: 1, 2: 4, 3: 2, 4: 3}, [0, 2, 0, 1]]",[27]
643,"[{1: 4, 2: 3, 3: 2, 4: 1}, [0, 1, 0, 1], {1: 3, 2: 2, 3: 4, 4: 1}, [2, 0, 1, 0]]",[28]
644,"[{1: 2, 2: 1, 3: 4, 4: 3}, [0, 0, 1, 1], {1: 3, 2: 2, 3: 4, 4: 1}, [2, 0, 2, 2]]",[29]
645,"[{1: 3, 2: 1, 3: 2, 4: 4}, [0, 1, 1, 0], {1: 1, 2: 4, 3: 2, 4: 3}, [1, 1, 0, 1]]",[30]
646,"[{1: 1, 2: 2, 3: 3, 4: 4}, [0, 1, 0, 1], {1: 3, 2: 4, 3: 1, 4: 2}, [2, 1, 0, 0]]","[31, 32]"
647,"[{1: 3, 2: 1, 3: 2, 4: 4}, [0, 1, 0, 1], {1: 1, 2: 2, 3: 3, 4: 4}, [1, 2, 1, 2]]",[32]
648,"[{1: 1, 2: 3, 3: 4, 4: 2}, [0, 1, 1, 0], {1: 1, 2: 2, 3: 3, 4: 4}, [0, 2, 1, 0]]",[33]
649,"[{1: 3, 2: 2, 3: 4, 4: 1}, [1, 0, 0, 1], {1: 2, 2: 4, 3: 3, 4: 1}, [0, 1, 2, 0]]",[2]
650,"[{1: 3, 2: 4, 3: 1, 4: 2}, [0, 0, 0, 0], {1: 1, 2: 3, 3: 4, 4: 2}, [2, 2, 1, 1]]",[3]
651,"[{1: 4, 2: 3, 3: 2, 4: 1}, [1, 0, 1, 0], {1: 1, 2: 3, 3: 4, 4: 2}, [1, 2, 1, 2]]",[4]
652,"[{1: 2, 2: 3, 3: 1, 4: 4}, [0, 0, 1, 1], {1: 2, 2: 4, 3: 3, 4: 1}, [2, 1, 2, 1]]",[5]
653,"[{1: 3, 2: 2, 3: 4, 4: 1}, [0, 0, 1, 1], {1: 4, 2: 3, 3: 2, 4: 1}, [0, 0, 2, 1]]",[8]
654,"[{1: 2, 2: 1, 3: 4, 4: 3}, [0, 1, 0, 1], {1: 1, 2: 2, 3: 3, 4: 4}, [1, 2, 0, 0]]",[9]
655,"[{1: 4, 2: 1, 3: 3, 4: 2}, [1, 0, 0, 1], {1: 3, 2: 1, 3: 2, 4: 4}, [0, 2, 0, 1]]",[10]
656,"[{1: 2, 2: 1, 3: 4, 4: 3}, [1, 1, 1, 1], {1: 4, 2: 2, 3: 1, 4: 3}, [0, 2, 2, 2]]",[11]
657,"[{1: 1, 2: 2, 3: 3, 4: 4}, [0, 1, 0, 1], {1: 4, 2: 2, 3: 1, 4: 3}, [0, 0, 1, 2]]",[12]
658,"[{1: 1, 2: 4, 3: 2, 4: 3}, [0, 0, 1, 1], {1: 3, 2: 1, 3: 2, 4: 4}, [0, 0, 2, 1]]",[13]
659,"[{1: 4, 2: 1, 3: 3, 4: 2}, [0, 0, 1, 1], {1: 3, 2: 4, 3: 1, 4: 2}, [1, 1, 0, 1]]",[16]
660,"[{1: 3, 2: 4, 3: 1, 4: 2}, [1, 0, 1, 0], {1: 2, 2: 1, 3: 4, 4: 3}, [1, 0, 1, 1]]","[17, 7]"
661,"[{1: 4, 2: 1, 3: 3, 4: 2}, [1, 0, 0, 1], {1: 1, 2: 2, 3: 3, 4: 4}, [0, 0, 2, 1]]",[20]
662,"[{1: 2, 2: 3, 3: 1, 4: 4}, [1, 1, 1, 1], {1: 1, 2: 2, 3: 3, 4: 4}, [1, 2, 2, 1]]",[21]
663,"[{1: 1, 2: 4, 3: 2, 4: 3}, [0, 1, 1, 0], {1: 1, 2: 3, 3: 4, 4: 2}, [2, 1, 2, 1]]",[23]
664,"[{1: 4, 2: 3, 3: 2, 4: 1}, [1, 1, 1, 1], {1: 3, 2: 1, 3: 2, 4: 4}, [1, 2, 0, 0]]",[24]
665,"[{1: 2, 2: 1, 3: 4, 4: 3}, [0, 0, 1, 1], {1: 3, 2: 1, 3: 2, 4: 4}, [1, 0, 2, 0]]",[25]
666,"[{1: 3, 2: 2, 3: 4, 4: 1}, [1, 1, 1, 1], {1: 1, 2: 3, 3: 4, 4: 2}, [1, 1, 2, 2]]",[26]
667,"[{1: 1, 2: 4, 3: 2, 4: 3}, [0, 0, 0, 0], {1: 2, 2: 1, 3: 4, 4: 3}, [0, 1, 1, 1]]",[29]
668,"[{1: 1, 2: 2, 3: 3, 4: 4}, [0, 0, 1, 1], {1: 4, 2: 3, 3: 2, 4: 1}, [0, 0, 1, 2]]",[30]
669,"[{1: 2, 2: 3, 3: 1, 4: 4}, [0, 1, 1, 0], {1: 4, 2: 2, 3: 1, 4: 3}, [1, 2, 2, 1]]",[31]
670,"[{1: 3, 2: 4, 3: 1, 4: 2}, [0, 0, 1, 1], {1: 2, 2: 4, 3: 3, 4: 1}, [2, 0, 0, 1]]",[33]
671,"[{1: 4, 2: 3, 3: 2, 4: 1}, [1, 1, 1, 1], {1: 1, 2: 3, 3: 4, 4: 2}, [1, 0, 1, 1]]",[2]
672,"[{1: 1, 2: 3, 3: 4, 4: 2}, [0, 0, 1, 1], {1: 2, 2: 4, 3: 3, 4: 1}, [1, 0, 2, 0]]",[3]
673,"[{1: 2, 2: 4, 3: 3, 4: 1}, [1, 0, 0, 1], {1: 2, 2: 4, 3: 3, 4: 1}, [0, 0, 2, 1]]",[4]
674,"[{1: 1, 2: 2, 3: 3, 4: 4}, [0, 1, 0, 1], {1: 1, 2: 3, 3: 4, 4: 2}, [0, 0, 1, 2]]",[5]
675,"[{1: 4, 2: 3, 3: 2, 4: 1}, [0, 1, 0, 1], {1: 1, 2: 2, 3: 3, 4: 4}, [1, 2, 0, 0]]",[8]
676,"[{1: 4, 2: 2, 3: 1, 4: 3}, [1, 0, 0, 1], {1: 4, 2: 3, 3: 2, 4: 1}, [0, 0, 2, 1]]",[9]
677,"[{1: 3, 2: 4, 3: 1, 4: 2}, [0, 0, 0, 0], {1: 4, 2: 2, 3: 1, 4: 3}, [1, 1, 2, 2]]",[10]
678,"[{1: 4, 2: 2, 3: 1, 4: 3}, [0, 0, 1, 1], {1: 3, 2: 1, 3: 2, 4: 4}, [2, 0, 0, 1]]",[11]
679,"[{1: 3, 2: 1, 3: 2, 4: 4}, [1, 0, 0, 1], {1: 3, 2: 1, 3: 2, 4: 4}, [2, 1, 2, 1]]",[12]
680,"[{1: 2, 2: 1, 3: 4, 4: 3}, [1, 0, 1, 0], {1: 4, 2: 2, 3: 1, 4: 3}, [1, 2, 1, 2]]",[13]
681,"[{1: 3, 2: 4, 3: 1, 4: 2}, [1, 0, 1, 0], {1: 2, 2: 1, 3: 4, 4: 3}, [0, 2, 2, 2]]",[16]
682,"[{1: 1, 2: 3, 3: 4, 4: 2}, [1, 0, 0, 1], {1: 3, 2: 4, 3: 1, 4: 2}, [2, 2, 2, 0]]",[17]
683,"[{1: 1, 2: 2, 3: 3, 4: 4}, [1, 0, 0, 1], {1: 4, 2: 3, 3: 2, 4: 1}, [0, 0, 1, 2]]",[21]
684,"[{1: 2, 2: 4, 3: 3, 4: 1}, [0, 0, 0, 0], {1: 2, 2: 1, 3: 4, 4: 3}, [2, 0, 2, 2]]",[22]
685,"[{1: 2, 2: 1, 3: 4, 4: 3}, [1, 1, 1, 1], {1: 2, 2: 4, 3: 3, 4: 1}, [1, 2, 0, 0]]",[23]
686,"[{1: 2, 2: 4, 3: 3, 4: 1}, [1, 1, 0, 0], {1: 4, 2: 2, 3: 1, 4: 3}, [2, 1, 2, 1]]",[24]
687,"[{1: 4, 2: 2, 3: 1, 4: 3}, [1, 1, 1, 1], {1: 4, 2: 2, 3: 1, 4: 3}, [2, 2, 1, 1]]",[25]
688,"[{1: 4, 2: 3, 3: 2, 4: 1}, [1, 0, 0, 1], {1: 2, 2: 4, 3: 3, 4: 1}, [0, 2, 0, 1]]",[26]
689,"[{1: 1, 2: 3, 3: 4, 4: 2}, [0, 0, 1, 1], {1: 1, 2: 2, 3: 3, 4: 4}, [0, 0, 2, 1]]",[27]
690,"[{1: 2, 2: 1, 3: 4, 4: 3}, [1, 0, 0, 1], {1: 3, 2: 4, 3: 1, 4: 2}, [1, 0, 2, 0]]","[29, 26]"
691,"[{1: 3, 2: 1, 3: 2, 4: 4}, [1, 1, 1, 1], {1: 1, 2: 2, 3: 3, 4: 4}, [1, 2, 2, 1]]",[30]
692,"[{1: 3, 2: 1, 3: 2, 4: 4}, [1, 1, 0, 0], {1: 1, 2: 3, 3: 4, 4: 2}, [1, 2, 2, 1]]",[32]
693,"[{1: 1, 2: 3, 3: 4, 4: 2}, [0, 0, 0, 0], {1: 1, 2: 3, 3: 4, 4: 2}, [0, 2, 2, 2]]",[33]
694,"[{1: 1, 2: 2, 3: 3, 4: 4}, [1, 0, 1, 0], {1: 1, 2: 3, 3: 4, 4: 2}, [0, 0, 2, 1]]",[2]
695,"[{1: 2, 2: 4, 3: 3, 4: 1}, [1, 0, 1, 0], {1: 2, 2: 4, 3: 3, 4: 1}, [1, 2, 2, 1]]",[3]
696,"[{1: 1, 2: 3, 3: 4, 4: 2}, [1, 1, 1, 1], {1: 2, 2: 4, 3: 3, 4: 1}, [0, 2, 2, 2]]",[4]
697,"[{1: 4, 2: 2, 3: 1, 4: 3}, [1, 0, 1, 0], {1: 4, 2: 3, 3: 2, 4: 1}, [2, 1, 0, 0]]",[6]
698,"[{1: 4, 2: 3, 3: 2, 4: 1}, [1, 0, 1, 0], {1: 1, 2: 2, 3: 3, 4: 4}, [2, 1, 0, 0]]",[7]
699,"[{1: 3, 2: 1, 3: 2, 4: 4}, [0, 0, 0, 0], {1: 4, 2: 3, 3: 2, 4: 1}, [0, 0, 0, 0]]",[9]
700,"[{1: 2, 2: 1, 3: 4, 4: 3}, [1, 0, 1, 0], {1: 4, 2: 2, 3: 1, 4: 3}, [1, 2, 2, 1]]",[10]
701,"[{1: 3, 2: 1, 3: 2, 4: 4}, [1, 0, 1, 0], {1: 3, 2: 1, 3: 2, 4: 4}, [0, 0, 2, 1]]",[11]
702,"[{1: 4, 2: 2, 3: 1, 4: 3}, [1, 1, 1, 1], {1: 3, 2: 1, 3: 2, 4: 4}, [0, 1, 1, 1]]",[12]
703,"[{1: 3, 2: 4, 3: 1, 4: 2}, [1, 1, 1, 1], {1: 4, 2: 2, 3: 1, 4: 3}, [1, 0, 1, 1]]",[13]
704,"[{1: 1, 2: 3, 3: 4, 4: 2}, [1, 0, 1, 0], {1: 3, 2: 4, 3: 1, 4: 2}, [2, 2, 0, 2]]",[14]
705,"[{1: 3, 2: 4, 3: 1, 4: 2}, [1, 0, 1, 0], {1: 2, 2: 1, 3: 4, 4: 3}, [1, 1, 1, 0]]","[15, 9]"
706,"[{1: 2, 2: 1, 3: 4, 4: 3}, [0, 0, 0, 0], {1: 2, 2: 1, 3: 4, 4: 3}, [1, 1, 2, 2]]",[16]
707,"[{1: 2, 2: 4, 3: 3, 4: 1}, [0, 0, 0, 0], {1: 3, 2: 4, 3: 1, 4: 2}, [2, 2, 1, 1]]",[17]
708,"[{1: 3, 2: 1, 3: 2, 4: 4}, [1, 0, 1, 0], {1: 2, 2: 1, 3: 4, 4: 3}, [0, 2, 1, 0]]",[19]
709,"[{1: 2, 2: 1, 3: 4, 4: 3}, [1, 0, 1, 0], {1: 4, 2: 3, 3: 2, 4: 1}, [2, 1, 2, 1]]","[20, 28]"
710,"[{1: 1, 2: 3, 3: 4, 4: 2}, [0, 1, 1, 0], {1: 2, 2: 1, 3: 4, 4: 3}, [0, 2, 2, 2]]",[22]
711,"[{1: 3, 2: 4, 3: 1, 4: 2}, [1, 0, 1, 0], {1: 2, 2: 4, 3: 3, 4: 1}, [1, 1, 0, 1]]",[23]
712,"[{1: 1, 2: 3, 3: 4, 4: 2}, [1, 0, 1, 0], {1: 4, 2: 2, 3: 1, 4: 3}, [2, 2, 2, 0]]",[24]
713,"[{1: 1, 2: 2, 3: 3, 4: 4}, [1, 1, 0, 0], {1: 2, 2: 4, 3: 3, 4: 1}, [0, 1, 0, 2]]",[26]
714,"[{1: 2, 2: 4, 3: 3, 4: 1}, [1, 0, 1, 0], {1: 1, 2: 2, 3: 3, 4: 4}, [2, 1, 2, 1]]",[27]
715,"[{1: 1, 2: 2, 3: 3, 4: 4}, [1, 0, 1, 0], {1: 3, 2: 4, 3: 1, 4: 2}, [1, 0, 0, 2]]",[28]
716,"[{1: 3, 2: 4, 3: 1, 4: 2}, [1, 1, 0, 0], {1: 3, 2: 4, 3: 1, 4: 2}, [1, 0, 1, 1]]",[29]
717,"[{1: 4, 2: 2, 3: 1, 4: 3}, [1, 0, 0, 1], {1: 1, 2: 2, 3: 3, 4: 4}, [0, 0, 2, 1]]",[30]
718,"[{1: 4, 2: 3, 3: 2, 4: 1}, [1, 0, 1, 0], {1: 3, 2: 1, 3: 2, 4: 4}, [1, 0, 2, 0]]",[31]
719,"[{1: 4, 2: 2, 3: 1, 4: 3}, [1, 0, 1, 0], {1: 1, 2: 3, 3: 4, 4: 2}, [0, 2, 0, 1]]",[32]
720,"[{1: 2, 2: 4, 3: 3, 4: 1}, [1, 0, 0, 1], {1: 1, 2: 3, 3: 4, 4: 2}, [2, 2, 0, 2]]",[33]
721,"[{1: 2, 2: 3, 3: 1, 4: 4}, [1, 0, 1, 0], {1: 2, 2: 4, 3: 3, 4: 1}, [0, 0, 2, 1]]",[2]
722,"[{1: 4, 2: 3, 3: 2, 4: 1}, [1, 0, 1, 0], {1: 1, 2: 3, 3: 4, 4: 2}, [1, 2, 2, 1]]",[3]
723,"[{1: 3, 2: 4, 3: 1, 4: 2}, [1, 1, 1, 1], {1: 1, 2: 3, 3: 4, 4: 2}, [0, 2, 2, 2]]",[4]
724,"[{1: 3, 2: 2, 3: 4, 4: 1}, [1, 1, 1, 1], {1: 2, 2: 4, 3: 3, 4: 1}, [2, 0, 2, 2]]",[5]
725,"[{1: 2, 2: 1, 3: 4, 4: 3}, [1, 0, 1, 0], {1: 1, 2: 2, 3: 3, 4: 4}, [2, 1, 0, 0]]",[6]
726,"[{1: 3, 2: 2, 3: 4, 4: 1}, [1, 0, 1, 0], {1: 4, 2: 3, 3: 2, 4: 1}, [2, 1, 0, 0]]",[7]
727,"[{1: 2, 2: 3, 3: 1, 4: 4}, [0, 0, 0, 0], {1: 4, 2: 3, 3: 2, 4: 1}, [0, 0, 0, 0]]",[8]
728,"[{1: 1, 2: 4, 3: 2, 4: 3}, [1, 0, 1, 0], {1: 3, 2: 1, 3: 2, 4: 4}, [1, 2, 2, 1]]",[10]
729,"[{1: 1, 2: 2, 3: 3, 4: 4}, [1, 0, 1, 0], {1: 4, 2: 2, 3: 1, 4: 3}, [0, 0, 2, 1]]",[11]
730,"[{1: 4, 2: 1, 3: 3, 4: 2}, [1, 1, 1, 1], {1: 3, 2: 1, 3: 2, 4: 4}, [1, 0, 1, 1]]",[13]
731,"[{1: 3, 2: 4, 3: 1, 4: 2}, [1, 0, 1, 0], {1: 2, 2: 1, 3: 4, 4: 3}, [2, 2, 0, 2]]","[14, 8]"
732,"[{1: 4, 2: 1, 3: 3, 4: 2}, [1, 0, 1, 0], {1: 3, 2: 4, 3: 1, 4: 2}, [1, 1, 1, 0]]",[15]
733,"[{1: 1, 2: 4, 3: 2, 4: 3}, [0, 0, 0, 0], {1: 3, 2: 4, 3: 1, 4: 2}, [1, 1, 2, 2]]",[16]
734,"[{1: 4, 2: 3, 3: 2, 4: 1}, [0, 0, 0, 0], {1: 2, 2: 1, 3: 4, 4: 3}, [2, 2, 1, 1]]",[17]
735,"[{1: 1, 2: 2, 3: 3, 4: 4}, [1, 0, 1, 0], {1: 3, 2: 4, 3: 1, 4: 2}, [0, 2, 1, 0]]","[19, 20]"
736,"[{1: 1, 2: 4, 3: 2, 4: 3}, [1, 0, 1, 0], {1: 1, 2: 2, 3: 3, 4: 4}, [2, 1, 2, 1]]",[20]
737,"[{1: 3, 2: 2, 3: 4, 4: 1}, [0, 0, 1, 1], {1: 1, 2: 2, 3: 3, 4: 4}, [0, 0, 2, 1]]",[21]
738,"[{1: 3, 2: 4, 3: 1, 4: 2}, [0, 1, 1, 0], {1: 3, 2: 4, 3: 1, 4: 2}, [0, 2, 2, 2]]",[22]
739,"[{1: 4, 2: 1, 3: 3, 4: 2}, [1, 0, 1, 0], {1: 1, 2: 3, 3: 4, 4: 2}, [1, 1, 0, 1]]",[23]
740,"[{1: 3, 2: 4, 3: 1, 4: 2}, [1, 0, 1, 0], {1: 3, 2: 1, 3: 2, 4: 4}, [2, 2, 2, 0]]",[24]
741,"[{1: 1, 2: 2, 3: 3, 4: 4}, [0, 1, 1, 0], {1: 3, 2: 1, 3: 2, 4: 4}, [2, 0, 1, 0]]",[25]
742,"[{1: 4, 2: 3, 3: 2, 4: 1}, [1, 0, 1, 0], {1: 4, 2: 3, 3: 2, 4: 1}, [2, 1, 2, 1]]",[27]
743,"[{1: 2, 2: 3, 3: 1, 4: 4}, [1, 0, 1, 0], {1: 2, 2: 1, 3: 4, 4: 3}, [1, 0, 0, 2]]",[28]
744,"[{1: 4, 2: 1, 3: 3, 4: 2}, [1, 1, 0, 0], {1: 2, 2: 1, 3: 4, 4: 3}, [1, 0, 1, 1]]",[29]
745,"[{1: 3, 2: 2, 3: 4, 4: 1}, [1, 0, 1, 0], {1: 4, 2: 2, 3: 1, 4: 3}, [1, 0, 2, 0]]",[31]
746,"[{1: 2, 2: 1, 3: 4, 4: 3}, [1, 0, 1, 0], {1: 2, 2: 4, 3: 3, 4: 1}, [0, 2, 0, 1]]",[32]
747,"[{1: 4, 2: 3, 3: 2, 4: 1}, [1, 0, 0, 1], {1: 2, 2: 4, 3: 3, 4: 1}, [2, 2, 0, 2]]",[33]
748,"[{1: 2, 2: 1, 3: 4, 4: 3}, [1, 1, 1, 1], {1: 4, 2: 3, 3: 2, 4: 1}, [2, 1, 0, 0]]",[2]
749,"[{1: 3, 2: 1, 3: 2, 4: 4}, [1, 0, 0, 1], {1: 3, 2: 4, 3: 1, 4: 2}, [1, 1, 1, 0]]",[4]
750,"[{1: 2, 2: 4, 3: 3, 4: 1}, [1, 1, 0, 0], {1: 2, 2: 3, 3: 1, 4: 4}, [0, 0, 1, 2]]",[6]
751,"[{1: 3, 2: 4, 3: 1, 4: 2}, [0, 0, 0, 0], {1: 3, 2: 2, 3: 4, 4: 1}, [1, 2, 2, 1]]",[7]
752,"[{1: 2, 2: 1, 3: 4, 4: 3}, [0, 1, 0, 1], {1: 3, 2: 2, 3: 4, 4: 1}, [2, 1, 2, 1]]",[8]
753,"[{1: 1, 2: 3, 3: 4, 4: 2}, [1, 0, 0, 1], {1: 2, 2: 3, 3: 1, 4: 4}, [1, 2, 1, 2]]",[9]
754,"[{1: 2, 2: 4, 3: 3, 4: 1}, [1, 0, 0, 1], {1: 2, 2: 1, 3: 4, 4: 3}, [1, 0, 0, 2]]",[12]
755,"[{1: 4, 2: 3, 3: 2, 4: 1}, [1, 0, 1, 0], {1: 1, 2: 2, 3: 3, 4: 4}, [0, 1, 2, 0]]",[13]
756,"[{1: 3, 2: 1, 3: 2, 4: 4}, [1, 1, 0, 0], {1: 1, 2: 4, 3: 2, 4: 3}, [1, 0, 2, 0]]",[14]
757,"[{1: 4, 2: 3, 3: 2, 4: 1}, [1, 1, 1, 1], {1: 4, 2: 1, 3: 3, 4: 2}, [2, 0, 2, 2]]",[15]
758,"[{1: 1, 2: 2, 3: 3, 4: 4}, [1, 0, 1, 0], {1: 4, 2: 1, 3: 3, 4: 2}, [2, 0, 0, 1]]",[16]
759,"[{1: 4, 2: 2, 3: 1, 4: 3}, [1, 0, 0, 1], {1: 1, 2: 4, 3: 2, 4: 3}, [1, 0, 0, 2]]",[17]
760,"[{1: 1, 2: 3, 3: 4, 4: 2}, [0, 0, 1, 1], {1: 4, 2: 1, 3: 3, 4: 2}, [1, 1, 2, 2]]",[19]
761,"[{1: 3, 2: 4, 3: 1, 4: 2}, [1, 0, 0, 1], {1: 2, 2: 3, 3: 1, 4: 4}, [1, 2, 0, 0]]",[21]
762,"[{1: 3, 2: 1, 3: 2, 4: 4}, [0, 0, 0, 0], {1: 4, 2: 1, 3: 3, 4: 2}, [1, 1, 0, 1]]",[22]
763,"[{1: 3, 2: 1, 3: 2, 4: 4}, [1, 1, 0, 0], {1: 1, 2: 2, 3: 3, 4: 4}, [1, 0, 0, 2]]",[24]
764,"[{1: 1, 2: 3, 3: 4, 4: 2}, [1, 1, 1, 1], {1: 1, 2: 2, 3: 3, 4: 4}, [1, 1, 2, 2]]",[25]
765,"[{1: 4, 2: 2, 3: 1, 4: 3}, [0, 0, 1, 1], {1: 3, 2: 2, 3: 4, 4: 1}, [1, 2, 1, 2]]",[27]
766,"[{1: 2, 2: 1, 3: 4, 4: 3}, [1, 1, 1, 1], {1: 1, 2: 4, 3: 2, 4: 3}, [0, 1, 2, 0]]",[28]
767,"[{1: 4, 2: 3, 3: 2, 4: 1}, [1, 0, 0, 1], {1: 1, 2: 4, 3: 2, 4: 3}, [0, 1, 0, 2]]",[29]
768,"[{1: 2, 2: 4, 3: 3, 4: 1}, [1, 1, 1, 1], {1: 3, 2: 2, 3: 4, 4: 1}, [2, 1, 1, 2]]",[30]
769,"[{1: 4, 2: 2, 3: 1, 4: 3}, [0, 0, 0, 0], {1: 4, 2: 3, 3: 2, 4: 1}, [1, 0, 1, 1]]",[33]
770,"[{1: 3, 2: 2, 3: 4, 4: 1}, [1, 1, 0, 0], {1: 3, 2: 4, 3: 1, 4: 2}, [0, 2, 2, 2]]",[5]
771,"[{1: 2, 2: 1, 3: 4, 4: 3}, [1, 1, 1, 1], {1: 3, 2: 2, 3: 4, 4: 1}, [1, 1, 0, 1]]",[6]
772,"[{1: 3, 2: 2, 3: 4, 4: 1}, [1, 0, 0, 1], {1: 2, 2: 3, 3: 1, 4: 4}, [0, 1, 0, 2]]",[7]
773,"[{1: 2, 2: 3, 3: 1, 4: 4}, [1, 1, 0, 0], {1: 2, 2: 3, 3: 1, 4: 4}, [1, 0, 0, 2]]",[8]
774,"[{1: 1, 2: 2, 3: 3, 4: 4}, [1, 0, 1, 0], {1: 3, 2: 2, 3: 4, 4: 1}, [2, 0, 0, 1]]",[9]
775,"[{1: 1, 2: 4, 3: 2, 4: 3}, [0, 1, 1, 0], {1: 2, 2: 1, 3: 4, 4: 3}, [1, 2, 1, 2]]",[10]
776,"[{1: 2, 2: 1, 3: 4, 4: 3}, [1, 0, 1, 0], {1: 1, 2: 2, 3: 3, 4: 4}, [0, 1, 2, 0]]",[12]
777,"[{1: 4, 2: 1, 3: 3, 4: 2}, [1, 1, 0, 0], {1: 2, 2: 1, 3: 4, 4: 3}, [1, 0, 0, 2]]",[13]
778,"[{1: 3, 2: 4, 3: 1, 4: 2}, [0, 0, 0, 0], {1: 4, 2: 1, 3: 3, 4: 2}, [2, 1, 1, 2]]",[14]
779,"[{1: 4, 2: 1, 3: 3, 4: 2}, [1, 0, 0, 1], {1: 1, 2: 4, 3: 2, 4: 3}, [1, 2, 0, 0]]",[15]
780,"[{1: 1, 2: 4, 3: 2, 4: 3}, [1, 1, 0, 0], {1: 1, 2: 4, 3: 2, 4: 3}, [1, 2, 1, 2]]",[16]
781,"[{1: 4, 2: 3, 3: 2, 4: 1}, [0, 1, 0, 1], {1: 4, 2: 1, 3: 3, 4: 2}, [2, 1, 2, 1]]",[17]
782,"[{1: 1, 2: 4, 3: 2, 4: 3}, [0, 1, 1, 0], {1: 3, 2: 2, 3: 4, 4: 1}, [1, 1, 2, 2]]",[20]
783,"[{1: 3, 2: 2, 3: 4, 4: 1}, [0, 0, 0, 0], {1: 3, 2: 2, 3: 4, 4: 1}, [2, 0, 2, 2]]",[21]
784,"[{1: 3, 2: 4, 3: 1, 4: 2}, [1, 1, 0, 0], {1: 1, 2: 4, 3: 2, 4: 3}, [0, 0, 1, 2]]",[22]
785,"[{1: 1, 2: 2, 3: 3, 4: 4}, [1, 1, 0, 0], {1: 2, 2: 1, 3: 4, 4: 3}, [2, 0, 0, 1]]",[25]
786,"[{1: 2, 2: 3, 3: 1, 4: 4}, [0, 0, 0, 0], {1: 4, 2: 3, 3: 2, 4: 1}, [2, 2, 0, 2]]",[26]
787,"[{1: 4, 2: 3, 3: 2, 4: 1}, [1, 1, 1, 1], {1: 2, 2: 3, 3: 1, 4: 4}, [0, 1, 2, 0]]",[27]
788,"[{1: 2, 2: 3, 3: 1, 4: 4}, [0, 1, 1, 0], {1: 4, 2: 1, 3: 3, 4: 2}, [1, 2, 1, 2]]",[28]
789,"[{1: 4, 2: 1, 3: 3, 4: 2}, [1, 1, 1, 1], {1: 4, 2: 1, 3: 3, 4: 2}, [1, 2, 2, 1]]",[29]
790,"[{1: 2, 2: 1, 3: 4, 4: 3}, [1, 1, 0, 0], {1: 2, 2: 3, 3: 1, 4: 4}, [1, 0, 2, 0]]",[30]
791,"[{1: 3, 2: 2, 3: 4, 4: 1}, [1, 0, 0, 1], {1: 1, 2: 2, 3: 3, 4: 4}, [1, 0, 0, 2]]",[31]
792,"[{1: 4, 2: 3, 3: 2, 4: 1}, [1, 1, 0, 0], {1: 3, 2: 4, 3: 1, 4: 2}, [0, 1, 0, 2]]","[33, 30]"
793,"[{1: 3, 2: 2, 3: 4, 4: 1}, [0, 1, 0, 1], {1: 3, 2: 4, 3: 1, 4: 2}, [2, 2, 2, 0]]",[2]
794,"[{1: 4, 2: 3, 3: 2, 4: 1}, [0, 0, 0, 0], {1: 4, 2: 3, 3: 2, 4: 1}, [2, 1, 1, 2]]",[4]
795,"[{1: 2, 2: 3, 3: 1, 4: 4}, [0, 0, 0, 0], {1: 3, 2: 4, 3: 1, 4: 2}, [1, 2, 2, 1]]",[5]
796,"[{1: 1, 2: 2, 3: 3, 4: 4}, [0, 1, 0, 1], {1: 3, 2: 2, 3: 4, 4: 1}, [1, 0, 0, 2]]",[6]
797,"[{1: 2, 2: 3, 3: 1, 4: 4}, [0, 1, 0, 1], {1: 2, 2: 3, 3: 1, 4: 4}, [1, 1, 2, 2]]",[7]
798,"[{1: 3, 2: 2, 3: 4, 4: 1}, [1, 1, 1, 1], {1: 2, 2: 3, 3: 1, 4: 4}, [2, 0, 2, 2]]",[8]
799,"[{1: 4, 2: 1, 3: 3, 4: 2}, [0, 1, 0, 1], {1: 2, 2: 1, 3: 4, 4: 3}, [0, 2, 1, 0]]",[10]
800,"[{1: 2, 2: 1, 3: 4, 4: 3}, [0, 1, 0, 1], {1: 1, 2: 2, 3: 3, 4: 4}, [0, 2, 1, 0]]",[11]
801,"[{1: 1, 2: 4, 3: 2, 4: 3}, [0, 0, 0, 0], {1: 2, 2: 1, 3: 4, 4: 3}, [0, 0, 0, 0]]",[13]
802,"[{1: 4, 2: 3, 3: 2, 4: 1}, [0, 1, 0, 1], {1: 4, 2: 1, 3: 3, 4: 2}, [1, 1, 2, 2]]",[14]
803,"[{1: 1, 2: 4, 3: 2, 4: 3}, [0, 1, 0, 1], {1: 1, 2: 4, 3: 2, 4: 3}, [1, 0, 0, 2]]",[15]
804,"[{1: 4, 2: 1, 3: 3, 4: 2}, [1, 1, 1, 1], {1: 1, 2: 4, 3: 2, 4: 3}, [1, 0, 1, 1]]",[16]
805,"[{1: 3, 2: 4, 3: 1, 4: 2}, [1, 1, 1, 1], {1: 4, 2: 1, 3: 3, 4: 2}, [1, 1, 0, 1]]",[17]
806,"[{1: 2, 2: 1, 3: 4, 4: 3}, [0, 1, 0, 1], {1: 1, 2: 4, 3: 2, 4: 3}, [0, 1, 0, 2]]",[19]
807,"[{1: 4, 2: 1, 3: 3, 4: 2}, [0, 1, 0, 1], {1: 3, 2: 2, 3: 4, 4: 1}, [1, 0, 2, 0]]",[20]
808,"[{1: 2, 2: 3, 3: 1, 4: 4}, [1, 1, 0, 0], {1: 3, 2: 2, 3: 4, 4: 1}, [2, 2, 2, 0]]",[21]
809,"[{1: 4, 2: 3, 3: 2, 4: 1}, [1, 0, 0, 1], {1: 1, 2: 4, 3: 2, 4: 3}, [0, 1, 1, 1]]",[22]
810,"[{1: 1, 2: 4, 3: 2, 4: 3}, [0, 1, 0, 1], {1: 4, 2: 3, 3: 2, 4: 1}, [0, 0, 2, 1]]",[23]
811,"[{1: 3, 2: 2, 3: 4, 4: 1}, [0, 0, 1, 1], {1: 4, 2: 3, 3: 2, 4: 1}, [2, 0, 2, 2]]",[26]
812,"[{1: 3, 2: 4, 3: 1, 4: 2}, [0, 1, 0, 1], {1: 2, 2: 3, 3: 1, 4: 4}, [1, 1, 1, 0]]",[27]
813,"[{1: 3, 2: 2, 3: 4, 4: 1}, [0, 1, 0, 1], {1: 4, 2: 1, 3: 3, 4: 2}, [0, 2, 2, 2]]",[28]
814,"[{1: 1, 2: 2, 3: 3, 4: 4}, [0, 1, 1, 0], {1: 2, 2: 3, 3: 1, 4: 4}, [2, 0, 1, 0]]",[30]
815,"[{1: 2, 2: 3, 3: 1, 4: 4}, [0, 1, 0, 1], {1: 1, 2: 2, 3: 3, 4: 4}, [1, 2, 1, 2]]",[31]
816,"[{1: 3, 2: 4, 3: 1, 4: 2}, [0, 1, 1, 0], {1: 3, 2: 4, 3: 1, 4: 2}, [1, 1, 0, 1]]",[33]
817,"[{1: 2, 2: 1, 3: 3, 4: 4}, [1, 0, 1, 0], {1: 1, 2: 3, 3: 2, 4: 4}, [1, 2, 0, 0]]",[1]
818,"[{1: 3, 2: 1, 3: 2, 4: 4}, [0, 1, 0, 1], {1: 3, 2: 4, 3: 1, 4: 2}, [0, 1, 1, 1]]",[3]
819,"[{1: 4, 2: 2, 3: 1, 4: 3}, [0, 0, 0, 0], {1: 3, 2: 4, 3: 1, 4: 2}, [2, 1, 1, 2]]",[4]
820,"[{1: 2, 2: 1, 3: 4, 4: 3}, [0, 0, 0, 0], {1: 4, 2: 3, 3: 2, 4: 1}, [1, 2, 2, 1]]",[5]
821,"[{1: 1, 2: 3, 3: 4, 4: 2}, [0, 1, 0, 1], {1: 2, 2: 3, 3: 1, 4: 4}, [1, 0, 0, 2]]",[6]
822,"[{1: 2, 2: 1, 3: 4, 4: 3}, [0, 1, 0, 1], {1: 3, 2: 2, 3: 4, 4: 1}, [1, 1, 2, 2]]",[7]
823,"[{1: 3, 2: 4, 3: 1, 4: 2}, [1, 1, 1, 1], {1: 3, 2: 2, 3: 4, 4: 1}, [2, 0, 2, 2]]",[8]
824,"[{1: 2, 2: 4, 3: 3, 4: 1}, [1, 1, 1, 1], {1: 2, 2: 3, 3: 1, 4: 4}, [2, 2, 0, 2]]",[9]
825,"[{1: 4, 2: 3, 3: 2, 4: 1}, [0, 1, 0, 1], {1: 1, 2: 2, 3: 3, 4: 4}, [0, 2, 1, 0]]",[10]
826,"[{1: 2, 2: 4, 3: 3, 4: 1}, [0, 1, 0, 1], {1: 2, 2: 1, 3: 4, 4: 3}, [0, 2, 1, 0]]",[11]
827,"[{1: 1, 2: 3, 3: 4, 4: 2}, [0, 0, 0, 0], {1: 2, 2: 1, 3: 4, 4: 3}, [0, 0, 0, 0]]",[12]
828,"[{1: 4, 2: 2, 3: 1, 4: 3}, [0, 1, 0, 1], {1: 1, 2: 4, 3: 2, 4: 3}, [1, 1, 2, 2]]",[14]
829,"[{1: 1, 2: 2, 3: 3, 4: 4}, [0, 1, 0, 1], {1: 4, 2: 1, 3: 3, 4: 2}, [1, 0, 0, 2]]",[15]
830,"[{1: 3, 2: 1, 3: 2, 4: 4}, [1, 1, 1, 1], {1: 1, 2: 4, 3: 2, 4: 3}, [1, 1, 0, 1]]",[17]
831,"[{1: 2, 2: 4, 3: 3, 4: 1}, [0, 1, 0, 1], {1: 4, 2: 1, 3: 3, 4: 2}, [0, 1, 0, 2]]",[19]
832,"[{1: 4, 2: 3, 3: 2, 4: 1}, [0, 1, 0, 1], {1: 2, 2: 3, 3: 1, 4: 4}, [1, 0, 2, 0]]",[20]
833,"[{1: 2, 2: 1, 3: 4, 4: 3}, [1, 1, 0, 0], {1: 2, 2: 3, 3: 1, 4: 4}, [2, 2, 2, 0]]",[21]
834,"[{1: 4, 2: 2, 3: 1, 4: 3}, [1, 0, 0, 1], {1: 4, 2: 1, 3: 3, 4: 2}, [0, 1, 1, 1]]",[22]
835,"[{1: 4, 2: 2, 3: 1, 4: 3}, [0, 1, 0, 1], {1: 1, 2: 2, 3: 3, 4: 4}, [1, 2, 1, 2]]",[24]
836,"[{1: 2, 2: 4, 3: 3, 4: 1}, [1, 0, 0, 1], {1: 1, 2: 2, 3: 3, 4: 4}, [1, 0, 0, 2]]",[25]
837,"[{1: 3, 2: 4, 3: 1, 4: 2}, [0, 0, 1, 1], {1: 3, 2: 4, 3: 1, 4: 2}, [2, 0, 2, 2]]",[26]
838,"[{1: 3, 2: 1, 3: 2, 4: 4}, [0, 1, 0, 1], {1: 3, 2: 2, 3: 4, 4: 1}, [1, 1, 1, 0]]",[27]
839,"[{1: 3, 2: 4, 3: 1, 4: 2}, [0, 1, 0, 1], {1: 1, 2: 4, 3: 2, 4: 3}, [0, 2, 2, 2]]",[28]
840,"[{1: 1, 2: 2, 3: 3, 4: 4}, [0, 0, 1, 1], {1: 1, 2: 4, 3: 2, 4: 3}, [0, 2, 0, 1]]",[29]
841,"[{1: 1, 2: 3, 3: 4, 4: 2}, [0, 1, 0, 1], {1: 4, 2: 3, 3: 2, 4: 1}, [2, 1, 0, 0]]",[32]
842,"[{1: 3, 2: 1, 3: 2, 4: 4}, [0, 1, 1, 0], {1: 4, 2: 3, 3: 2, 4: 1}, [1, 1, 0, 1]]",[33]
843,"[{1: 1, 2: 4, 3: 2, 4: 3}, [0, 1, 1, 0], {1: 4, 2: 2, 3: 1, 4: 3}, [0, 1, 0, 2]]",[2]
844,"[{1: 2, 2: 1, 3: 4, 4: 3}, [1, 1, 1, 1], {1: 3, 2: 1, 3: 2, 4: 4}, [2, 2, 0, 2]]",[3]
845,"[{1: 1, 2: 2, 3: 3, 4: 4}, [0, 1, 0, 1], {1: 3, 2: 1, 3: 2, 4: 4}, [1, 2, 0, 0]]",[4]
846,"[{1: 4, 2: 1, 3: 3, 4: 2}, [1, 1, 0, 0], {1: 4, 2: 2, 3: 1, 4: 3}, [2, 1, 0, 0]]",[5]
847,"[{1: 1, 2: 4, 3: 2, 4: 3}, [1, 1, 0, 0], {1: 3, 2: 4, 3: 1, 4: 2}, [0, 1, 1, 1]]",[8]
848,"[{1: 2, 2: 3, 3: 1, 4: 4}, [0, 1, 1, 0], {1: 1, 2: 3, 3: 4, 4: 2}, [2, 0, 0, 1]]",[10]
849,"[{1: 3, 2: 4, 3: 1, 4: 2}, [0, 0, 0, 0], {1: 2, 2: 4, 3: 3, 4: 1}, [1, 1, 2, 2]]",[11]
850,"[{1: 4, 2: 3, 3: 2, 4: 1}, [1, 0, 1, 0], {1: 2, 2: 4, 3: 3, 4: 1}, [1, 2, 1, 2]]",[12]
851,"[{1: 3, 2: 2, 3: 4, 4: 1}, [1, 1, 0, 0], {1: 1, 2: 3, 3: 4, 4: 2}, [2, 1, 2, 1]]",[13]
852,"[{1: 2, 2: 3, 3: 1, 4: 4}, [1, 1, 0, 0], {1: 4, 2: 3, 3: 2, 4: 1}, [2, 1, 0, 0]]",[16]
853,"[{1: 2, 2: 1, 3: 4, 4: 3}, [0, 1, 0, 1], {1: 1, 2: 2, 3: 3, 4: 4}, [0, 0, 1, 2]]",[17]
854,"[{1: 4, 2: 1, 3: 3, 4: 2}, [0, 0, 0, 0], {1: 2, 2: 1, 3: 4, 4: 3}, [1, 1, 0, 1]]",[21]
855,"[{1: 1, 2: 2, 3: 3, 4: 4}, [1, 1, 0, 0], {1: 4, 2: 3, 3: 2, 4: 1}, [1, 2, 0, 0]]",[22]
856,"[{1: 3, 2: 2, 3: 4, 4: 1}, [1, 0, 0, 1], {1: 3, 2: 1, 3: 2, 4: 4}, [2, 1, 1, 2]]",[23]
857,"[{1: 3, 2: 4, 3: 1, 4: 2}, [1, 1, 0, 0], {1: 1, 2: 3, 3: 4, 4: 2}, [0, 1, 2, 0]]",[25]
858,"[{1: 1, 2: 4, 3: 2, 4: 3}, [0, 0, 0, 0], {1: 3, 2: 1, 3: 2, 4: 4}, [1, 1, 1, 0]]",[26]
859,"[{1: 1, 2: 4, 3: 2, 4: 3}, [0, 1, 1, 0], {1: 1, 2: 2, 3: 3, 4: 4}, [2, 1, 0, 0]]",[28]
860,"[{1: 3, 2: 2, 3: 4, 4: 1}, [1, 1, 1, 1], {1: 1, 2: 2, 3: 3, 4: 4}, [2, 1, 1, 2]]",[29]
861,"[{1: 4, 2: 1, 3: 3, 4: 2}, [1, 0, 0, 1], {1: 2, 2: 4, 3: 3, 4: 1}, [2, 1, 2, 1]]",[31]
862,"[{1: 4, 2: 3, 3: 2, 4: 1}, [1, 1, 1, 1], {1: 4, 2: 2, 3: 1, 4: 3}, [0, 0, 1, 2]]",[32]
863,"[{1: 2, 2: 1, 3: 4, 4: 3}, [1, 1, 0, 0], {1: 4, 2: 2, 3: 1, 4: 3}, [2, 0, 1, 0]]",[33]
864,"[{1: 3, 2: 4, 3: 1, 4: 2}, [0, 0, 0, 0], {1: 3, 2: 1, 3: 2, 4: 4}, [2, 2, 1, 1]]",[2]
865,"[{1: 3, 2: 1, 3: 2, 4: 4}, [1, 1, 0, 0], {1: 4, 2: 2, 3: 1, 4: 3}, [0, 1, 2, 0]]",[3]
866,"[{1: 4, 2: 2, 3: 1, 4: 3}, [0, 1, 1, 0], {1: 4, 2: 2, 3: 1, 4: 3}, [2, 1, 2, 1]]",[4]
867,"[{1: 2, 2: 1, 3: 4, 4: 3}, [1, 0, 1, 0], {1: 3, 2: 1, 3: 2, 4: 4}, [1, 2, 1, 2]]",[5]
868,"[{1: 2, 2: 4, 3: 3, 4: 1}, [0, 1, 1, 0], {1: 3, 2: 4, 3: 1, 4: 2}, [2, 0, 2, 2]]",[9]
869,"[{1: 4, 2: 3, 3: 2, 4: 1}, [1, 1, 1, 1], {1: 2, 2: 4, 3: 3, 4: 1}, [1, 1, 1, 0]]",[10]
870,"[{1: 2, 2: 4, 3: 3, 4: 1}, [1, 1, 0, 0], {1: 1, 2: 3, 3: 4, 4: 2}, [2, 0, 1, 0]]",[11]
871,"[{1: 1, 2: 3, 3: 4, 4: 2}, [0, 1, 1, 0], {1: 1, 2: 3, 3: 4, 4: 2}, [2, 1, 0, 0]]",[12]
872,"[{1: 1, 2: 2, 3: 3, 4: 4}, [0, 1, 0, 1], {1: 2, 2: 4, 3: 3, 4: 1}, [1, 2, 0, 0]]",[13]
873,"[{1: 4, 2: 3, 3: 2, 4: 1}, [0, 1, 0, 1], {1: 1, 2: 2, 3: 3, 4: 4}, [0, 0, 1, 2]]",[16]
874,"[{1: 3, 2: 1, 3: 2, 4: 4}, [0, 1, 1, 0], {1: 4, 2: 3, 3: 2, 4: 1}, [2, 1, 0, 0]]",[17]
875,"[{1: 2, 2: 4, 3: 3, 4: 1}, [1, 1, 0, 0], {1: 1, 2: 2, 3: 3, 4: 4}, [2, 1, 0, 0]]",[19]
876,"[{1: 2, 2: 1, 3: 4, 4: 3}, [0, 1, 1, 0], {1: 3, 2: 4, 3: 1, 4: 2}, [2, 0, 1, 0]]",[21]
877,"[{1: 4, 2: 2, 3: 1, 4: 3}, [1, 1, 1, 1], {1: 1, 2: 2, 3: 3, 4: 4}, [2, 1, 1, 2]]",[22]
878,"[{1: 4, 2: 2, 3: 1, 4: 3}, [0, 0, 1, 1], {1: 2, 2: 4, 3: 3, 4: 1}, [2, 1, 1, 2]]",[24]
879,"[{1: 2, 2: 4, 3: 3, 4: 1}, [0, 0, 0, 0], {1: 2, 2: 4, 3: 3, 4: 1}, [2, 2, 0, 2]]",[25]
880,"[{1: 3, 2: 4, 3: 1, 4: 2}, [0, 1, 1, 0], {1: 4, 2: 2, 3: 1, 4: 3}, [2, 0, 0, 1]]",[26]
881,"[{1: 1, 2: 2, 3: 3, 4: 4}, [0, 1, 1, 0], {1: 4, 2: 3, 3: 2, 4: 1}, [1, 2, 0, 0]]",[29]
882,"[{1: 1, 2: 3, 3: 4, 4: 2}, [0, 0, 0, 0], {1: 2, 2: 1, 3: 4, 4: 3}, [2, 2, 2, 0]]",[30]
883,"[{1: 2, 2: 1, 3: 4, 4: 3}, [1, 1, 1, 1], {1: 1, 2: 3, 3: 4, 4: 2}, [0, 0, 1, 2]]",[31]
884,"[{1: 1, 2: 3, 3: 4, 4: 2}, [0, 0, 1, 1], {1: 3, 2: 1, 3: 2, 4: 4}, [2, 1, 2, 1]]",[32]
885,"[{1: 3, 2: 1, 3: 2, 4: 4}, [1, 1, 1, 1], {1: 3, 2: 1, 3: 2, 4: 4}, [1, 1, 2, 2]]",[33]
886,"[{1: 2, 2: 1, 3: 4, 4: 3}, [1, 0, 1, 0], {1: 3, 2: 1, 3: 2, 4: 4}, [2, 1, 1, 2]]",[2]
887,"[{1: 4, 2: 2, 3: 1, 4: 3}, [1, 0, 1, 0], {1: 4, 2: 2, 3: 1, 4: 3}, [2, 1, 0, 0]]",[3]
888,"[{1: 3, 2: 1, 3: 2, 4: 4}, [1, 1, 1, 1], {1: 4, 2: 2, 3: 1, 4: 3}, [1, 1, 0, 1]]",[4]
889,"[{1: 3, 2: 4, 3: 1, 4: 2}, [1, 1, 1, 1], {1: 3, 2: 1, 3: 2, 4: 4}, [1, 1, 1, 0]]",[5]
890,"[{1: 2, 2: 4, 3: 3, 4: 1}, [1, 0, 1, 0], {1: 3, 2: 4, 3: 1, 4: 2}, [0, 2, 2, 2]]",[6]
891,"[{1: 2, 2: 1, 3: 4, 4: 3}, [0, 0, 0, 0], {1: 2, 2: 1, 3: 4, 4: 3}, [2, 2, 1, 1]]",[8]
892,"[{1: 1, 2: 3, 3: 4, 4: 2}, [0, 0, 0, 0], {1: 3, 2: 4, 3: 1, 4: 2}, [1, 1, 2, 2]]",[9]
893,"[{1: 1, 2: 2, 3: 3, 4: 4}, [1, 0, 1, 0], {1: 2, 2: 4, 3: 3, 4: 1}, [2, 1, 0, 0]]",[10]
894,"[{1: 1, 2: 3, 3: 4, 4: 2}, [1, 0, 1, 0], {1: 1, 2: 3, 3: 4, 4: 2}, [2, 1, 1, 2]]",[11]
895,"[{1: 2, 2: 4, 3: 3, 4: 1}, [1, 1, 1, 1], {1: 1, 2: 3, 3: 4, 4: 2}, [2, 2, 0, 2]]",[12]
896,"[{1: 3, 2: 1, 3: 2, 4: 4}, [1, 0, 1, 0], {1: 4, 2: 3, 3: 2, 4: 1}, [0, 0, 2, 1]]",[14]
897,"[{1: 4, 2: 3, 3: 2, 4: 1}, [1, 0, 1, 0], {1: 1, 2: 2, 3: 3, 4: 4}, [0, 0, 2, 1]]",[15]
898,"[{1: 4, 2: 2, 3: 1, 4: 3}, [0, 0, 0, 0], {1: 4, 2: 3, 3: 2, 4: 1}, [0, 0, 0, 0]]",[17]
899,"[{1: 1, 2: 3, 3: 4, 4: 2}, [1, 0, 1, 0], {1: 1, 2: 2, 3: 3, 4: 4}, [2, 1, 2, 1]]",[19]
900,"[{1: 3, 2: 4, 3: 1, 4: 2}, [0, 0, 1, 1], {1: 3, 2: 4, 3: 1, 4: 2}, [1, 1, 1, 0]]",[21]
901,"[{1: 3, 2: 1, 3: 2, 4: 4}, [0, 1, 1, 0], {1: 1, 2: 2, 3: 3, 4: 4}, [2, 1, 0, 0]]",[22]
902,"[{1: 4, 2: 3, 3: 2, 4: 1}, [1, 0, 1, 0], {1: 4, 2: 2, 3: 1, 4: 3}, [2, 0, 1, 0]]",[23]
903,"[{1: 3, 2: 1, 3: 2, 4: 4}, [1, 0, 1, 0], {1: 2, 2: 4, 3: 3, 4: 1}, [0, 1, 0, 2]]",[24]
904,"[{1: 1, 2: 3, 3: 4, 4: 2}, [0, 1, 1, 0], {1: 2, 2: 4, 3: 3, 4: 1}, [0, 2, 2, 2]]",[25]
905,"[{1: 2, 2: 1, 3: 4, 4: 3}, [1, 1, 0, 0], {1: 4, 2: 2, 3: 1, 4: 3}, [1, 0, 1, 1]]",[26]
906,"[{1: 4, 2: 2, 3: 1, 4: 3}, [1, 0, 1, 0], {1: 2, 2: 1, 3: 4, 4: 3}, [1, 0, 0, 2]]",[27]
907,"[{1: 2, 2: 4, 3: 3, 4: 1}, [1, 0, 0, 1], {1: 2, 2: 1, 3: 4, 4: 3}, [2, 2, 0, 2]]",[30]
908,"[{1: 3, 2: 4, 3: 1, 4: 2}, [1, 0, 1, 0], {1: 1, 2: 3, 3: 4, 4: 2}, [0, 1, 1, 1]]",[31]
909,"[{1: 2, 2: 4, 3: 3, 4: 1}, [1, 0, 1, 0], {1: 3, 2: 1, 3: 2, 4: 4}, [2, 0, 2, 2]]",[32]
